sample_row_id,service_type,year,month,pickup_datetime,dropoff_datetime,pickup_date,pickup_hour,day_of_week,PULocationID,DOLocationID,trip_distance_miles,trip_duration_seconds,cbd_congestion_fee,congestion_surcharge,tolls,airport_fee,tip_amount,total_amount,passenger_cost_pretip,fare_amount,payment_type,passenger_count,RatecodeID,source_file,charged_cbd_flag,passenger_cost_excl_cbd,relative_cbd_burden,yellow_payment_type_label,yellow_card_or_cash_flag,yellow_no_charge_dispute_void_flag,yellow_payment_unknown_flag,yellow_payment_review_flag,flex_fare_flag,component_total_diff,component_total_match_flag,zero_distance_flag,very_long_duration_flag,very_long_distance_flag,negative_cost_flag,sampling_stratum,stratum_population_n,stratum_sample_n,sample_weight
1,yellow,2024,2,2024-02-27 18:38:08,2024-02-27 18:51:09,2024-02-27,18,1,138,7,3.96,781.0,0.0,0.0,0.0,1.75,5.83,34.98,29.15,18.4,1,4.0,1.0,yellow_tripdata_2024-02.parquet,False,29.15,0.0,Credit card,True,False,False,False,False,9.0,False,False,False,False,False,yellow_2024_02,2970277,10,297027.7
2,yellow,2024,2,2024-02-28 18:14:38,2024-02-28 18:20:40,2024-02-28,18,2,113,68,1.0,362.0,0.0,2.5,0.0,0.0,3.6,18.0,14.4,7.9,1,1.0,1.0,yellow_tripdata_2024-02.parquet,False,14.4,0.0,Credit card,True,False,False,False,False,4.0,False,False,False,False,False,yellow_2024_02,2970277,10,297027.7
3,yellow,2024,2,2024-02-25 15:29:10,2024-02-25 15:33:47,2024-02-25,15,6,239,238,0.8,277.0,0.0,2.5,0.0,0.0,2.24,13.44,11.2,7.2,1,1.0,1.0,yellow_tripdata_2024-02.parquet,False,11.2,0.0,Credit card,True,False,False,False,False,1.5,False,False,False,False,False,yellow_2024_02,2970277,10,297027.7
4,yellow,2024,2,2024-02-13 12:55:49,2024-02-13 12:59:11,2024-02-13,12,1,161,161,0.47,202.0,0.0,2.5,0.0,0.0,0.0,9.1,9.1,5.1,2,1.0,1.0,yellow_tripdata_2024-02.parquet,False,9.1,0.0,Cash,True,False,False,False,False,1.5,False,False,False,False,False,yellow_2024_02,2970277,10,297027.7
5,yellow,2024,2,2024-02-03 08:58:50,2024-02-03 09:02:43,2024-02-03,8,5,186,234,0.5,233.0,0.0,2.5,0.0,0.0,0.0,9.8,9.8,5.8,2,1.0,1.0,yellow_tripdata_2024-02.parquet,False,9.8,0.0,Cash,True,False,False,False,False,1.5,False,False,False,False,False,yellow_2024_02,2970277,10,297027.7
6,yellow,2024,2,2024-02-08 07:28:14,2024-02-08 07:46:07,2024-02-08,7,3,186,79,1.95,1073.0,0.0,2.5,0.0,0.0,4.2,25.2,21.0,17.0,1,1.0,1.0,yellow_tripdata_2024-02.parquet,False,21.0,0.0,Credit card,True,False,False,False,False,1.5,False,False,False,False,False,yellow_2024_02,2970277,10,297027.7
7,yellow,2024,2,2024-02-10 12:46:46,2024-02-10 12:50:35,2024-02-10,12,5,237,236,0.8,229.0,0.0,2.5,0.0,0.0,2.62,13.12,10.5,6.5,1,1.0,1.0,yellow_tripdata_2024-02.parquet,False,10.5,0.0,Credit card,True,False,False,False,False,1.5,False,False,False,False,False,yellow_2024_02,2970277,10,297027.7
8,yellow,2024,2,2024-02-16 10:07:51,2024-02-16 10:18:11,2024-02-16,10,4,237,142,1.1,620.0,0.0,2.5,0.0,0.0,3.05,18.45,15.399999999999999,11.4,1,1.0,1.0,yellow_tripdata_2024-02.parquet,False,15.399999999999999,0.0,Credit card,True,False,False,False,False,1.5,False,False,False,False,False,yellow_2024_02,2970277,10,297027.7
9,yellow,2024,2,2024-02-18 06:46:28,2024-02-18 06:55:37,2024-02-18,6,6,137,230,1.69,549.0,0.0,2.5,0.0,0.0,0.0,15.4,15.4,11.4,1,1.0,1.0,yellow_tripdata_2024-02.parquet,False,15.4,0.0,Credit card,True,False,False,False,False,1.5,False,False,False,False,False,yellow_2024_02,2970277,10,297027.7
10,yellow,2024,2,2024-02-13 08:20:42,2024-02-13 08:26:59,2024-02-13,8,1,48,163,0.98,377.0,0.0,2.5,0.0,0.0,3.57,15.47,11.9,7.9,1,1.0,1.0,yellow_tripdata_2024-02.parquet,False,11.9,0.0,Credit card,True,False,False,False,False,1.5,False,False,False,False,False,yellow_2024_02,2970277,10,297027.7
11,yellow,2024,3,2024-03-15 09:24:57,2024-03-15 09:51:20,2024-03-15,9,4,263,186,4.02,1583.0,0.0,2.5,0.0,0.0,9.24,40.04,30.799999999999997,26.8,1,1.0,1.0,yellow_tripdata_2024-03.parquet,False,30.799999999999997,0.0,Credit card,True,False,False,False,False,1.5,False,False,False,False,False,yellow_2024_03,3536782,10,353678.2
12,yellow,2024,3,2024-03-07 10:32:37,2024-03-07 10:37:04,2024-03-07,10,3,13,231,0.63,267.0,0.0,2.5,0.0,0.0,0.52,11.02,10.5,6.5,1,1.0,1.0,yellow_tripdata_2024-03.parquet,False,10.5,0.0,Credit card,True,False,False,False,False,1.5,False,False,False,False,False,yellow_2024_03,3536782,10,353678.2
13,yellow,2024,3,2024-03-30 22:49:20,2024-03-30 23:21:42,2024-03-30,22,5,233,37,8.96,1942.0,0.0,2.5,0.0,0.0,11.62,58.12,46.5,41.5,1,1.0,1.0,yellow_tripdata_2024-03.parquet,False,46.5,0.0,Credit card,True,False,False,False,False,2.5,False,False,False,False,False,yellow_2024_03,3536782,10,353678.2
14,yellow,2024,3,2024-03-12 15:57:19,2024-03-12 16:24:05,2024-03-12,15,1,43,48,2.59,1606.0,0.0,2.5,0.0,0.0,3.0,31.0,28.0,24.0,1,1.0,1.0,yellow_tripdata_2024-03.parquet,False,28.0,0.0,Credit card,True,False,False,False,False,1.5,False,False,False,False,False,yellow_2024_03,3536782,10,353678.2
15,yellow,2024,3,2024-03-06 20:04:29,2024-03-06 20:32:34,2024-03-06,20,2,249,141,4.26,1685.0,0.0,2.5,0.0,0.0,1.59,33.39,31.8,26.8,1,1.0,1.0,yellow_tripdata_2024-03.parquet,False,31.8,0.0,Credit card,True,False,False,False,False,2.5,False,False,False,False,False,yellow_2024_03,3536782,10,353678.2
16,yellow,2024,3,2024-03-06 18:39:41,2024-03-06 19:25:24,2024-03-06,18,2,132,161,17.67,2743.0,0.0,2.5,6.94,1.75,17.19,104.88,87.69,70.0,1,1.0,2.0,yellow_tripdata_2024-03.parquet,False,87.69,0.0,Credit card,True,False,False,False,False,6.5,False,False,False,False,False,yellow_2024_03,3536782,10,353678.2
17,yellow,2024,3,2024-03-28 20:44:07,2024-03-28 21:07:00,2024-03-28,20,3,186,232,3.38,1373.0,0.0,,0.0,,0.0,27.7,27.7,23.7,0,,,yellow_tripdata_2024-03.parquet,False,27.7,0.0,Flex Fare,False,False,False,True,True,4.0,False,False,False,False,False,yellow_2024_03,3536782,10,353678.2
18,yellow,2024,3,2024-03-15 00:59:06,2024-03-15 01:21:26,2024-03-15,0,4,261,142,5.0,1340.0,0.0,2.5,0.0,0.0,5.0,36.1,31.1,26.1,1,2.0,1.0,yellow_tripdata_2024-03.parquet,False,31.1,0.0,Credit card,True,False,False,False,False,2.5,False,False,False,False,False,yellow_2024_03,3536782,10,353678.2
19,yellow,2024,3,2024-03-02 11:31:22,2024-03-02 11:43:44,2024-03-02,11,5,163,239,1.74,742.0,0.0,2.5,0.0,0.0,3.36,20.16,16.8,12.8,1,1.0,1.0,yellow_tripdata_2024-03.parquet,False,16.8,0.0,Credit card,True,False,False,False,False,1.5,False,False,False,False,False,yellow_2024_03,3536782,10,353678.2
20,yellow,2024,3,2024-03-16 17:55:01,2024-03-16 17:55:39,2024-03-16,17,5,113,113,0.0,38.0,0.0,2.5,0.0,0.0,0.0,7.0,7.0,3.0,3,1.0,1.0,yellow_tripdata_2024-03.parquet,False,7.0,0.0,No charge,False,True,False,True,False,1.5,False,True,False,False,False,yellow_2024_03,3536782,10,353678.2
21,yellow,2024,4,2024-04-08 16:22:45,2024-04-08 16:35:38,2024-04-08,16,0,162,262,2.19,773.0,0.0,2.5,0.0,0.0,2.0,22.0,20.0,13.5,1,1.0,1.0,yellow_tripdata_2024-04.parquet,False,20.0,0.0,Credit card,True,False,False,False,False,4.0,False,False,False,False,False,yellow_2024_04,3469080,10,346908.0
22,yellow,2024,4,2024-04-12 19:53:02,2024-04-12 19:55:17,2024-04-12,19,4,141,237,0.48,135.0,0.0,2.5,0.0,0.0,1.4,13.0,11.6,5.1,1,2.0,1.0,yellow_tripdata_2024-04.parquet,False,11.6,0.0,Credit card,True,False,False,False,False,4.0,False,False,False,False,False,yellow_2024_04,3469080,10,346908.0
23,yellow,2024,4,2024-04-08 22:59:45,2024-04-08 23:07:58,2024-04-08,22,0,68,164,0.8,493.0,0.0,,0.0,,0.0,14.49,14.49,10.49,0,,,yellow_tripdata_2024-04.parquet,False,14.49,0.0,Flex Fare,False,False,False,True,True,4.0,False,False,False,False,False,yellow_2024_04,3469080,10,346908.0
24,yellow,2024,4,2024-04-21 15:33:55,2024-04-21 15:47:05,2024-04-21,15,6,164,249,2.06,790.0,0.0,2.5,0.0,0.0,3.5,21.0,17.5,13.5,1,1.0,1.0,yellow_tripdata_2024-04.parquet,False,17.5,0.0,Credit card,True,False,False,False,False,1.5,False,False,False,False,False,yellow_2024_04,3469080,10,346908.0
25,yellow,2024,4,2024-04-06 16:20:25,2024-04-06 16:27:21,2024-04-06,16,5,237,230,0.71,416.0,0.0,2.5,0.0,0.0,2.38,14.28,11.899999999999999,7.9,1,1.0,1.0,yellow_tripdata_2024-04.parquet,False,11.899999999999999,0.0,Credit card,True,False,False,False,False,1.5,False,False,False,False,False,yellow_2024_04,3469080,10,346908.0
26,yellow,2024,4,2024-04-25 12:22:29,2024-04-25 13:46:38,2024-04-25,12,3,51,170,13.5,5049.0,0.0,0.0,0.0,0.0,0.0,52.0,52.0,50.5,1,1.0,99.0,yellow_tripdata_2024-04.parquet,False,52.0,0.0,Credit card,True,False,False,False,False,1.5,False,False,False,False,False,yellow_2024_04,3469080,10,346908.0
27,yellow,2024,4,2024-04-10 09:32:16,2024-04-10 09:53:55,2024-04-10,9,2,143,158,3.78,1299.0,0.0,,0.0,,0.0,29.58,29.58,25.58,0,,,yellow_tripdata_2024-04.parquet,False,29.58,0.0,Flex Fare,False,False,False,True,True,4.0,False,False,False,False,False,yellow_2024_04,3469080,10,346908.0
28,yellow,2024,4,2024-04-17 18:01:00,2024-04-17 18:14:33,2024-04-17,18,2,230,162,1.0,813.0,0.0,2.5,0.0,0.0,3.85,23.15,19.299999999999997,12.8,1,1.0,1.0,yellow_tripdata_2024-04.parquet,False,19.299999999999997,0.0,Credit card,True,False,False,False,False,4.0,False,False,False,False,False,yellow_2024_04,3469080,10,346908.0
29,yellow,2024,4,2024-04-18 08:24:35,2024-04-18 08:34:10,2024-04-18,8,3,113,231,1.5,575.0,0.0,2.5,0.0,0.0,3.5,17.5,14.0,10.0,1,1.0,1.0,yellow_tripdata_2024-04.parquet,False,14.0,0.0,Credit card,True,False,False,False,False,1.5,False,False,False,False,False,yellow_2024_04,3469080,10,346908.0
30,yellow,2024,4,2024-04-29 19:49:34,2024-04-29 20:07:44,2024-04-29,19,0,132,95,7.34,1090.0,0.0,0.0,0.0,1.75,10.0,47.45,37.45,31.7,1,1.0,1.0,yellow_tripdata_2024-04.parquet,False,37.45,0.0,Credit card,True,False,False,False,False,4.0,False,False,False,False,False,yellow_2024_04,3469080,10,346908.0
31,yellow,2024,5,2024-05-29 23:45:40,2024-05-30 00:00:20,2024-05-29,23,2,114,48,3.08,880.0,0.0,,0.0,,0.0,48.32,48.32,44.32,0,,,yellow_tripdata_2024-05.parquet,False,48.32,0.0,Flex Fare,False,False,False,True,True,4.0,False,False,False,False,False,yellow_2024_05,3673319,10,367331.9
32,yellow,2024,5,2024-05-30 12:14:40,2024-05-30 12:26:38,2024-05-30,12,3,68,186,0.8,718.0,0.0,,0.0,,0.0,24.7,24.7,20.7,0,,,yellow_tripdata_2024-05.parquet,False,24.7,0.0,Flex Fare,False,False,False,True,True,4.0,False,False,False,False,False,yellow_2024_05,3673319,10,367331.9
33,yellow,2024,5,2024-05-30 17:03:36,2024-05-30 17:11:37,2024-05-30,17,3,107,144,1.5,481.0,0.0,2.5,0.0,0.0,1.0,17.5,16.5,10.0,1,2.0,1.0,yellow_tripdata_2024-05.parquet,False,16.5,0.0,Credit card,True,False,False,False,False,4.0,False,False,False,False,False,yellow_2024_05,3673319,10,367331.9
34,yellow,2024,5,2024-05-12 18:27:01,2024-05-12 18:32:02,2024-05-12,18,6,237,237,1.1,301.0,0.0,2.5,0.0,0.0,2.38,14.28,11.899999999999999,7.9,1,1.0,1.0,yellow_tripdata_2024-05.parquet,False,11.899999999999999,0.0,Credit card,True,False,False,False,False,1.5,False,False,False,False,False,yellow_2024_05,3673319,10,367331.9
35,yellow,2024,5,2024-05-29 06:47:06,2024-05-29 06:56:56,2024-05-29,6,2,161,48,1.15,590.0,0.0,2.5,0.0,0.0,2.94,17.64,14.700000000000001,10.7,1,1.0,1.0,yellow_tripdata_2024-05.parquet,False,14.700000000000001,0.0,Credit card,True,False,False,False,False,1.5,False,False,False,False,False,yellow_2024_05,3673319,10,367331.9
36,yellow,2024,5,2024-05-31 19:37:36,2024-05-31 19:44:49,2024-05-31,19,4,48,142,0.0,433.0,0.0,2.5,0.0,0.0,2.88,17.28,14.400000000000002,7.9,1,1.0,1.0,yellow_tripdata_2024-05.parquet,False,14.400000000000002,0.0,Credit card,True,False,False,False,False,4.0,False,True,False,False,False,yellow_2024_05,3673319,10,367331.9
37,yellow,2024,5,2024-05-18 12:57:55,2024-05-18 13:03:41,2024-05-18,12,5,162,229,1.0,346.0,0.0,2.5,0.0,0.0,3.35,14.55,11.200000000000001,7.2,1,1.0,1.0,yellow_tripdata_2024-05.parquet,False,11.200000000000001,0.0,Credit card,True,False,False,False,False,1.5,False,False,False,False,False,yellow_2024_05,3673319,10,367331.9
38,yellow,2024,5,2024-05-11 01:10:25,2024-05-11 01:35:19,2024-05-11,1,5,246,181,7.05,1494.0,0.0,2.5,6.94,0.0,8.87,53.21,44.34,32.4,1,1.0,1.0,yellow_tripdata_2024-05.parquet,False,44.34,0.0,Credit card,True,False,False,False,False,2.5,False,False,False,False,False,yellow_2024_05,3673319,10,367331.9
39,yellow,2024,5,2024-05-03 07:51:48,2024-05-03 08:28:43,2024-05-03,7,4,132,196,10.86,2215.0,0.0,0.0,0.0,1.75,7.0,58.75,51.75,48.5,1,1.0,1.0,yellow_tripdata_2024-05.parquet,False,51.75,0.0,Credit card,True,False,False,False,False,1.5,False,False,False,False,False,yellow_2024_05,3673319,10,367331.9
40,yellow,2024,5,2024-05-04 22:12:03,2024-05-04 22:31:48,2024-05-04,22,5,234,140,3.35,1185.0,0.0,2.5,0.0,0.0,4.96,29.76,24.8,19.8,1,1.0,1.0,yellow_tripdata_2024-05.parquet,False,24.8,0.0,Credit card,True,False,False,False,False,2.5,False,False,False,False,False,yellow_2024_05,3673319,10,367331.9
41,yellow,2024,6,2024-06-25 10:28:02,2024-06-25 10:56:41,2024-06-25,10,1,186,237,1.65,1719.0,0.0,2.5,0.0,0.0,0.0,26.6,26.6,22.6,4,1.0,1.0,yellow_tripdata_2024-06.parquet,False,26.6,0.0,Dispute,False,True,False,True,False,1.5,False,False,False,False,False,yellow_2024_06,3488938,10,348893.8
42,yellow,2024,6,2024-06-14 11:48:54,2024-06-14 11:53:16,2024-06-14,11,4,238,151,0.58,262.0,0.0,2.5,0.0,0.0,2.1,12.6,10.5,6.5,1,1.0,1.0,yellow_tripdata_2024-06.parquet,False,10.5,0.0,Credit card,True,False,False,False,False,1.5,False,False,False,False,False,yellow_2024_06,3488938,10,348893.8
43,yellow,2024,6,2024-06-16 19:50:24,2024-06-16 20:01:57,2024-06-16,19,6,230,233,1.4,693.0,0.0,2.5,0.0,0.0,0.0,16.1,16.1,12.1,2,2.0,1.0,yellow_tripdata_2024-06.parquet,False,16.1,0.0,Cash,True,False,False,False,False,1.5,False,False,False,False,False,yellow_2024_06,3488938,10,348893.8
44,yellow,2024,6,2024-06-23 22:00:32,2024-06-23 22:19:13,2024-06-23,22,6,249,230,2.62,1121.0,0.0,2.5,0.0,0.0,4.82,28.92,24.1,19.1,1,2.0,1.0,yellow_tripdata_2024-06.parquet,False,24.1,0.0,Credit card,True,False,False,False,False,2.5,False,False,False,False,False,yellow_2024_06,3488938,10,348893.8
45,yellow,2024,6,2024-06-04 18:49:16,2024-06-04 18:53:35,2024-06-04,18,1,249,234,0.66,259.0,0.0,2.5,0.0,0.0,0.0,13.0,13.0,6.5,2,1.0,1.0,yellow_tripdata_2024-06.parquet,False,13.0,0.0,Cash,True,False,False,False,False,4.0,False,False,False,False,False,yellow_2024_06,3488938,10,348893.8
46,yellow,2024,6,2024-06-05 12:49:01,2024-06-05 13:11:46,2024-06-05,12,2,68,148,2.45,1365.0,0.0,2.5,0.0,0.0,0.0,25.2,25.2,21.2,2,4.0,1.0,yellow_tripdata_2024-06.parquet,False,25.2,0.0,Cash,True,False,False,False,False,1.5,False,False,False,False,False,yellow_2024_06,3488938,10,348893.8
47,yellow,2024,6,2024-06-28 22:12:49,2024-06-28 22:21:21,2024-06-28,22,4,143,48,1.18,512.0,0.0,2.5,0.0,0.0,3.0,18.0,15.0,10.0,1,1.0,1.0,yellow_tripdata_2024-06.parquet,False,15.0,0.0,Credit card,True,False,False,False,False,2.5,False,False,False,False,False,yellow_2024_06,3488938,10,348893.8
48,yellow,2024,6,2024-06-11 07:33:24,2024-06-11 07:46:23,2024-06-11,7,1,186,50,1.56,779.0,0.0,2.5,0.0,0.0,3.36,20.16,16.8,12.8,1,1.0,1.0,yellow_tripdata_2024-06.parquet,False,16.8,0.0,Credit card,True,False,False,False,False,1.5,False,False,False,False,False,yellow_2024_06,3488938,10,348893.8
49,yellow,2024,6,2024-06-06 23:12:14,2024-06-06 23:26:34,2024-06-06,23,3,234,230,1.57,860.0,0.0,2.5,0.0,0.0,0.0,18.5,18.5,13.5,2,1.0,1.0,yellow_tripdata_2024-06.parquet,False,18.5,0.0,Cash,True,False,False,False,False,2.5,False,False,False,False,False,yellow_2024_06,3488938,10,348893.8
50,yellow,2024,6,2024-06-13 07:47:37,2024-06-13 08:09:40,2024-06-13,7,3,74,234,6.2,1323.0,0.0,2.5,0.0,0.0,2.0,34.9,32.9,28.9,1,1.0,1.0,yellow_tripdata_2024-06.parquet,False,32.9,0.0,Credit card,True,False,False,False,False,1.5,False,False,False,False,False,yellow_2024_06,3488938,10,348893.8
51,yellow,2025,2,2025-02-24 13:20:52,2025-02-24 13:51:08,2025-02-24,13,0,238,88,8.6,1816.0,0.75,2.5,0.0,0.0,5.0,49.15,44.15,39.4,1,1.0,1.0,yellow_tripdata_2025-02.parquet,True,43.4,0.016987542468856174,Credit card,True,False,False,False,False,1.5,False,False,False,False,False,yellow_2025_02,3516753,10,351675.3
52,yellow,2025,2,2025-02-18 18:44:49,2025-02-18 19:03:44,2025-02-18,18,1,219,86,5.4,1135.0,0.0,,0.0,,0.0,24.25,24.25,22.75,0,,,yellow_tripdata_2025-02.parquet,False,24.25,0.0,Flex Fare,False,False,False,True,True,1.5,False,False,False,False,False,yellow_2025_02,3516753,10,351675.3
53,yellow,2025,2,2025-02-02 17:47:09,2025-02-02 18:01:04,2025-02-02,17,6,230,164,1.59,835.0,0.75,2.5,0.0,0.0,3.65,21.9,18.25,13.5,1,1.0,1.0,yellow_tripdata_2025-02.parquet,True,17.5,0.0410958904109589,Credit card,True,False,False,False,False,1.5,False,False,False,False,False,yellow_2025_02,3516753,10,351675.3
54,yellow,2025,2,2025-02-04 18:03:40,2025-02-04 18:13:23,2025-02-04,18,1,125,144,0.78,583.0,0.75,2.5,0.0,0.0,3.31,19.86,16.55,9.3,1,1.0,1.0,yellow_tripdata_2025-02.parquet,True,15.8,0.045317220543806644,Credit card,True,False,False,False,False,4.0,False,False,False,False,False,yellow_2025_02,3516753,10,351675.3
55,yellow,2025,2,2025-02-23 11:11:27,2025-02-23 11:30:40,2025-02-23,11,6,79,138,9.7,1153.0,0.75,2.5,0.0,0.0,18.0,65.05,47.05,37.3,1,1.0,1.0,yellow_tripdata_2025-02.parquet,True,46.3,0.015940488841657812,Credit card,True,False,False,False,False,6.5,False,False,False,False,False,yellow_2025_02,3516753,10,351675.3
56,yellow,2025,2,2025-02-07 21:49:20,2025-02-07 21:59:48,2025-02-07,21,4,142,237,1.5,628.0,0.0,2.5,0.0,0.0,3.95,19.65,15.7,10.7,1,1.0,1.0,yellow_tripdata_2025-02.parquet,False,15.7,0.0,Credit card,True,False,False,False,False,2.5,False,False,False,False,False,yellow_2025_02,3516753,10,351675.3
57,yellow,2025,2,2025-02-27 19:13:14,2025-02-27 19:27:10,2025-02-27,19,3,161,170,1.66,836.0,0.75,2.5,0.0,0.0,4.15,24.9,20.75,13.5,1,1.0,1.0,yellow_tripdata_2025-02.parquet,True,20.0,0.03614457831325301,Credit card,True,False,False,False,False,4.0,False,False,False,False,False,yellow_2025_02,3516753,10,351675.3
58,yellow,2025,2,2025-02-07 19:22:09,2025-02-07 19:25:22,2025-02-07,19,4,237,263,0.68,193.0,0.0,2.5,0.0,0.0,0.0,11.6,11.6,5.1,2,1.0,1.0,yellow_tripdata_2025-02.parquet,False,11.6,0.0,Cash,True,False,False,False,False,4.0,False,False,False,False,False,yellow_2025_02,3516753,10,351675.3
59,yellow,2025,2,2025-02-03 12:58:13,2025-02-03 13:02:27,2025-02-03,12,0,162,137,0.89,254.0,0.75,2.5,0.0,0.0,2.25,13.5,11.25,6.5,1,1.0,1.0,yellow_tripdata_2025-02.parquet,True,10.5,0.06666666666666667,Credit card,True,False,False,False,False,1.5,False,False,False,False,False,yellow_2025_02,3516753,10,351675.3
60,yellow,2025,2,2025-02-13 21:11:52,2025-02-13 21:35:29,2025-02-13,21,3,138,186,9.74,1417.0,0.75,2.5,6.94,1.75,9.14,70.08,60.94,41.5,1,1.0,1.0,yellow_tripdata_2025-02.parquet,True,60.19,0.012307187397440106,Credit card,True,False,False,False,False,7.5,False,False,False,False,False,yellow_2025_02,3516753,10,351675.3
61,yellow,2025,3,2025-03-10 21:15:56,2025-03-10 21:37:12,2025-03-10,21,0,161,263,3.13,1276.0,0.75,2.5,0.0,0.0,5.11,30.66,25.55,19.8,1,1.0,1.0,yellow_tripdata_2025-03.parquet,True,24.8,0.029354207436399216,Credit card,True,False,False,False,False,2.5,False,False,False,False,False,yellow_2025_03,4053697,10,405369.7
62,yellow,2025,3,2025-03-06 14:54:29,2025-03-06 15:17:14,2025-03-06,14,3,75,229,2.93,1365.0,0.75,2.5,0.0,0.0,0.0,25.95,25.95,21.2,2,1.0,1.0,yellow_tripdata_2025-03.parquet,True,25.2,0.028901734104046242,Cash,True,False,False,False,False,1.5,False,False,False,False,False,yellow_2025_03,4053697,10,405369.7
63,yellow,2025,3,2025-03-09 18:44:29,2025-03-09 18:53:27,2025-03-09,18,6,151,166,1.89,538.0,0.0,,0.0,,0.0,11.23,11.23,9.73,0,,,yellow_tripdata_2025-03.parquet,False,11.23,0.0,Flex Fare,False,False,False,True,True,1.5,False,False,False,False,False,yellow_2025_03,4053697,10,405369.7
64,yellow,2025,3,2025-03-08 00:41:15,2025-03-08 00:51:09,2025-03-08,0,5,186,158,1.46,594.0,0.75,2.5,0.0,0.0,0.0,16.45,16.45,10.7,1,1.0,1.0,yellow_tripdata_2025-03.parquet,True,15.7,0.04559270516717325,Credit card,True,False,False,False,False,2.5,False,False,False,False,False,yellow_2025_03,4053697,10,405369.7
65,yellow,2025,3,2025-03-16 01:36:36,2025-03-16 01:43:54,2025-03-16,1,6,230,113,1.63,438.0,0.75,2.5,0.0,0.0,0.0,15.75,15.75,10.0,2,1.0,1.0,yellow_tripdata_2025-03.parquet,True,15.0,0.047619047619047616,Cash,True,False,False,False,False,2.5,False,False,False,False,False,yellow_2025_03,4053697,10,405369.7
66,yellow,2025,3,2025-03-28 08:56:17,2025-03-28 09:16:09,2025-03-28,8,4,107,237,2.59,1192.0,0.75,2.5,0.0,0.0,4.77,28.62,23.85,19.1,1,1.0,1.0,yellow_tripdata_2025-03.parquet,True,23.1,0.031446540880503145,Credit card,True,False,False,False,False,1.5,False,False,False,False,False,yellow_2025_03,4053697,10,405369.7
67,yellow,2025,3,2025-03-25 15:53:59,2025-03-25 16:07:31,2025-03-25,15,1,140,142,1.71,812.0,0.0,,0.0,,0.0,2.87,2.87,-4.0,0,,,yellow_tripdata_2025-03.parquet,False,2.87,0.0,Flex Fare,False,False,False,True,True,6.87,False,False,False,False,False,yellow_2025_03,4053697,10,405369.7
68,yellow,2025,3,2025-03-09 00:46:47,2025-03-09 00:59:20,2025-03-09,0,6,181,61,2.4,753.0,0.0,,0.0,,0.0,16.14,16.14,14.64,0,,,yellow_tripdata_2025-03.parquet,False,16.14,0.0,Flex Fare,False,False,False,True,True,1.5,False,False,False,False,False,yellow_2025_03,4053697,10,405369.7
69,yellow,2025,3,2025-03-17 12:27:50,2025-03-17 12:44:01,2025-03-17,12,0,186,161,1.67,971.0,0.75,2.5,0.0,0.0,3.93,23.58,19.65,14.9,1,1.0,1.0,yellow_tripdata_2025-03.parquet,True,18.9,0.03816793893129771,Credit card,True,False,False,False,False,1.5,False,False,False,False,False,yellow_2025_03,4053697,10,405369.7
70,yellow,2025,3,2025-03-01 19:16:56,2025-03-01 19:50:57,2025-03-01,19,5,36,188,4.39,2041.0,0.0,,0.0,,0.0,36.95,36.95,35.45,0,,,yellow_tripdata_2025-03.parquet,False,36.95,0.0,Flex Fare,False,False,False,True,True,1.5,False,False,False,False,False,yellow_2025_03,4053697,10,405369.7
71,yellow,2025,4,2025-04-16 20:01:54,2025-04-16 20:14:20,2025-04-16,20,2,68,230,0.93,746.0,0.75,2.5,0.0,0.0,0.0,17.85,17.85,12.1,2,4.0,1.0,yellow_tripdata_2025-04.parquet,True,17.1,0.04201680672268907,Cash,True,False,False,False,False,2.5,False,False,False,False,False,yellow_2025_04,3862613,10,386261.3
72,yellow,2025,4,2025-04-26 14:54:40,2025-04-26 15:02:47,2025-04-26,14,5,141,237,1.19,487.0,0.0,2.5,0.0,0.0,2.8,16.8,14.0,10.0,1,5.0,1.0,yellow_tripdata_2025-04.parquet,False,14.0,0.0,Credit card,True,False,False,False,False,1.5,False,False,False,False,False,yellow_2025_04,3862613,10,386261.3
73,yellow,2025,4,2025-04-23 18:52:16,2025-04-23 18:59:55,2025-04-23,18,2,142,236,1.45,459.0,0.0,2.5,0.0,0.0,4.74,20.54,15.799999999999999,9.3,1,1.0,1.0,yellow_tripdata_2025-04.parquet,False,15.799999999999999,0.0,Credit card,True,False,False,False,False,4.0,False,False,False,False,False,yellow_2025_04,3862613,10,386261.3
74,yellow,2025,4,2025-04-27 13:52:12,2025-04-27 14:04:22,2025-04-27,13,6,43,229,2.02,730.0,0.75,2.5,0.0,0.0,3.65,21.9,18.25,13.5,1,2.0,1.0,yellow_tripdata_2025-04.parquet,True,17.5,0.0410958904109589,Credit card,True,False,False,False,False,1.5,False,False,False,False,False,yellow_2025_04,3862613,10,386261.3
75,yellow,2025,4,2025-04-22 14:07:09,2025-04-22 14:15:55,2025-04-22,14,1,237,236,1.15,526.0,0.0,2.5,0.0,0.0,0.0,14.0,14.0,10.0,2,1.0,1.0,yellow_tripdata_2025-04.parquet,False,14.0,0.0,Cash,True,False,False,False,False,1.5,False,False,False,False,False,yellow_2025_04,3862613,10,386261.3
76,yellow,2025,4,2025-04-19 02:22:33,2025-04-19 02:23:04,2025-04-19,2,5,234,234,0.0,31.0,0.75,2.5,0.0,0.0,0.0,8.75,8.75,3.0,3,1.0,1.0,yellow_tripdata_2025-04.parquet,True,8.0,0.08571428571428572,No charge,False,True,False,True,False,2.5,False,True,False,False,False,yellow_2025_04,3862613,10,386261.3
77,yellow,2025,4,2025-04-10 21:27:25,2025-04-10 21:38:57,2025-04-10,21,3,107,158,1.69,692.0,0.75,2.5,0.0,0.0,2.0,19.85,17.85,12.1,1,1.0,1.0,yellow_tripdata_2025-04.parquet,True,17.1,0.04201680672268907,Credit card,True,False,False,False,False,2.5,False,False,False,False,False,yellow_2025_04,3862613,10,386261.3
78,yellow,2025,4,2025-04-05 23:10:00,2025-04-05 23:20:00,2025-04-05,23,5,35,39,1.93,600.0,0.0,,0.0,,0.0,10.95,10.95,9.45,0,,,yellow_tripdata_2025-04.parquet,False,10.95,0.0,Flex Fare,False,False,False,True,True,1.5,False,False,False,False,False,yellow_2025_04,3862613,10,386261.3
79,yellow,2025,4,2025-04-11 23:53:03,2025-04-12 00:17:16,2025-04-11,23,4,142,249,4.34,1453.0,0.75,,0.0,,0.0,31.08,31.08,26.33,0,,,yellow_tripdata_2025-04.parquet,True,30.33,0.02413127413127413,Flex Fare,False,False,False,True,True,4.0,False,False,False,False,False,yellow_2025_04,3862613,10,386261.3
80,yellow,2025,4,2025-04-05 02:28:09,2025-04-05 02:51:46,2025-04-05,2,5,79,142,4.49,1417.0,0.75,2.5,0.0,0.0,5.94,36.39,30.45,24.7,1,2.0,1.0,yellow_tripdata_2025-04.parquet,True,29.7,0.024630541871921183,Credit card,True,False,False,False,False,2.5,False,False,False,False,False,yellow_2025_04,3862613,10,386261.3
81,yellow,2025,5,2025-05-01 18:07:46,2025-05-01 19:26:30,2025-05-01,18,3,132,68,17.41,4724.0,0.75,2.5,6.94,1.75,17.34,105.78,88.44,70.0,1,1.0,2.0,yellow_tripdata_2025-05.parquet,True,87.69,0.008480325644504749,Credit card,True,False,False,False,False,6.5,False,False,False,False,False,yellow_2025_05,4414520,10,441452.0
82,yellow,2025,5,2025-05-01 10:02:04,2025-05-01 10:12:13,2025-05-01,10,3,141,140,0.73,609.0,0.0,2.5,0.0,0.0,5.0,19.0,14.0,10.0,1,2.0,1.0,yellow_tripdata_2025-05.parquet,False,14.0,0.0,Credit card,True,False,False,False,False,1.5,False,False,False,False,False,yellow_2025_05,4414520,10,441452.0
83,yellow,2025,5,2025-05-19 20:27:01,2025-05-19 20:36:33,2025-05-19,20,0,41,24,1.71,572.0,0.0,0.0,0.0,0.0,4.17,18.07,13.9,11.4,1,1.0,1.0,yellow_tripdata_2025-05.parquet,False,13.9,0.0,Credit card,True,False,False,False,False,2.5,False,False,False,False,False,yellow_2025_05,4414520,10,441452.0
84,yellow,2025,5,2025-05-10 00:55:51,2025-05-10 01:10:51,2025-05-10,0,5,186,87,3.2,900.0,0.75,2.5,0.0,0.0,1.95,24.0,22.05,16.3,1,1.0,1.0,yellow_tripdata_2025-05.parquet,True,21.3,0.03401360544217687,Credit card,True,False,False,False,False,2.5,False,False,False,False,False,yellow_2025_05,4414520,10,441452.0
85,yellow,2025,5,2025-05-29 11:14:52,2025-05-29 11:46:04,2025-05-29,11,3,113,163,2.71,1872.0,0.75,,0.0,,0.0,30.92,30.92,26.17,0,,,yellow_tripdata_2025-05.parquet,True,30.17,0.024256144890038807,Flex Fare,False,False,False,True,True,4.0,False,False,False,False,False,yellow_2025_05,4414520,10,441452.0
86,yellow,2025,5,2025-05-25 15:52:49,2025-05-25 15:58:09,2025-05-25,15,6,90,68,0.66,320.0,0.75,2.5,0.0,0.0,3.58,15.53,11.95,7.2,1,1.0,1.0,yellow_tripdata_2025-05.parquet,True,11.2,0.06276150627615062,Credit card,True,False,False,False,False,1.5,False,False,False,False,False,yellow_2025_05,4414520,10,441452.0
87,yellow,2025,5,2025-05-20 16:56:49,2025-05-20 17:09:54,2025-05-20,16,1,42,74,1.3,785.0,0.0,0.0,0.0,0.0,0.0,16.8,16.8,12.8,1,1.0,1.0,yellow_tripdata_2025-05.parquet,False,16.8,0.0,Credit card,True,False,False,False,False,4.0,False,False,False,False,False,yellow_2025_05,4414520,10,441452.0
88,yellow,2025,5,2025-05-16 09:37:27,2025-05-16 10:14:57,2025-05-16,9,4,230,244,7.3,2250.0,0.75,2.5,0.0,0.0,8.25,49.6,41.35,36.6,1,2.0,1.0,yellow_tripdata_2025-05.parquet,True,40.6,0.018137847642079805,Credit card,True,False,False,False,False,1.5,False,False,False,False,False,yellow_2025_05,4414520,10,441452.0
89,yellow,2025,5,2025-05-11 00:11:44,2025-05-11 00:19:09,2025-05-11,0,6,114,234,0.99,445.0,0.75,2.5,0.0,0.0,2.0,16.35,14.350000000000001,8.6,1,1.0,1.0,yellow_tripdata_2025-05.parquet,True,13.600000000000001,0.05226480836236933,Credit card,True,False,False,False,False,2.5,False,False,False,False,False,yellow_2025_05,4414520,10,441452.0
90,yellow,2025,5,2025-05-14 13:27:28,2025-05-14 13:49:35,2025-05-14,13,2,261,113,1.76,1327.0,0.75,2.5,0.0,0.0,4.91,29.46,24.55,19.8,1,1.0,1.0,yellow_tripdata_2025-05.parquet,True,23.8,0.03054989816700611,Credit card,True,False,False,False,False,1.5,False,False,False,False,False,yellow_2025_05,4414520,10,441452.0
91,yellow,2025,6,2025-06-15 18:58:49,2025-06-15 19:37:17,2025-06-15,18,6,182,114,13.37,2308.0,0.75,,6.94,,0.0,60.17,60.17,48.48,0,,,yellow_tripdata_2025-06.parquet,True,59.42,0.012464683397041714,Flex Fare,False,False,False,True,True,4.0,False,False,False,False,False,yellow_2025_06,4179498,10,417949.8
92,yellow,2025,6,2025-06-24 08:57:36,2025-06-24 09:04:36,2025-06-24,8,1,263,140,0.5,420.0,0.0,2.5,0.0,0.0,5.0,16.2,11.2,7.2,1,1.0,1.0,yellow_tripdata_2025-06.parquet,False,11.2,0.0,Credit card,True,False,False,False,False,1.5,False,False,False,False,False,yellow_2025_06,4179498,10,417949.8
93,yellow,2025,6,2025-06-20 08:15:12,2025-06-20 08:29:14,2025-06-20,8,4,246,137,1.9,842.0,0.75,2.5,0.0,0.0,3.75,22.7,18.95,14.2,1,2.0,1.0,yellow_tripdata_2025-06.parquet,True,18.2,0.0395778364116095,Credit card,True,False,False,False,False,1.5,False,False,False,False,False,yellow_2025_06,4179498,10,417949.8
94,yellow,2025,6,2025-06-17 20:46:55,2025-06-17 21:09:48,2025-06-17,20,1,125,239,5.11,1373.0,0.75,2.5,0.0,0.0,6.23,37.38,31.150000000000002,25.4,1,1.0,1.0,yellow_tripdata_2025-06.parquet,True,30.400000000000002,0.02407704654895666,Credit card,True,False,False,False,False,2.5,False,False,False,False,False,yellow_2025_06,4179498,10,417949.8
95,yellow,2025,6,2025-06-15 18:56:51,2025-06-15 19:23:30,2025-06-15,18,6,188,21,5.21,1599.0,0.0,,0.0,,0.0,28.28,28.28,26.78,0,,,yellow_tripdata_2025-06.parquet,False,28.28,0.0,Flex Fare,False,False,False,True,True,1.5,False,False,False,False,False,yellow_2025_06,4179498,10,417949.8
96,yellow,2025,6,2025-06-04 18:52:03,2025-06-04 19:06:45,2025-06-04,18,2,85,155,0.01,882.0,0.0,,0.0,,0.0,19.94,19.94,18.44,0,,,yellow_tripdata_2025-06.parquet,False,19.94,0.0,Flex Fare,False,False,False,True,True,1.5,False,False,False,False,False,yellow_2025_06,4179498,10,417949.8
97,yellow,2025,6,2025-06-01 19:00:42,2025-06-01 19:05:03,2025-06-01,19,6,68,158,0.5,261.0,0.75,2.5,0.0,0.0,2.6,13.15,10.55,5.8,1,2.0,1.0,yellow_tripdata_2025-06.parquet,True,9.8,0.07109004739336493,Credit card,True,False,False,False,False,1.5,False,False,False,False,False,yellow_2025_06,4179498,10,417949.8
98,yellow,2025,6,2025-06-30 18:16:37,2025-06-30 18:20:26,2025-06-30,18,0,161,163,0.4,229.0,0.75,2.5,0.0,0.0,2.45,14.8,12.350000000000001,5.1,1,1.0,1.0,yellow_tripdata_2025-06.parquet,True,11.600000000000001,0.060728744939271245,Credit card,True,False,False,False,False,4.0,False,False,False,False,False,yellow_2025_06,4179498,10,417949.8
99,yellow,2025,6,2025-06-06 22:53:08,2025-06-06 23:06:19,2025-06-06,22,4,164,231,2.5,791.0,0.75,,0.0,,0.0,35.18,35.18,30.43,0,,,yellow_tripdata_2025-06.parquet,True,34.43,0.02131893121091529,Flex Fare,False,False,False,True,True,4.0,False,False,False,False,False,yellow_2025_06,4179498,10,417949.8
100,yellow,2025,6,2025-06-08 11:50:15,2025-06-08 11:55:30,2025-06-08,11,6,238,239,0.84,315.0,0.0,2.5,0.0,0.0,2.24,13.44,11.2,7.2,1,5.0,1.0,yellow_tripdata_2025-06.parquet,False,11.2,0.0,Credit card,True,False,False,False,False,1.5,False,False,False,False,False,yellow_2025_06,4179498,10,417949.8
