denominator_floor,zone,direction,Borough,zone_name,service_zone,N_z,DS_z,DS_z_median,DS_z_rank,DS_z_median_rank
1.00,4,dropoff,Manhattan,Alphabet City,Yellow Zone,239356,0.0638062691634129,0.05931198102016608,1,2
1.00,224,dropoff,Manhattan,Stuy Town/Peter Cooper Village,Yellow Zone,160441,0.06306317244247361,0.05942947702060222,2,1
1.00,79,dropoff,Manhattan,East Village,Yellow Zone,983593,0.06250639708589889,0.057803468208092484,3,4
1.00,249,dropoff,Manhattan,West Village,Yellow Zone,742528,0.061942847148052455,0.05884660651235779,4,3
1.00,114,dropoff,Manhattan,Greenwich Village South,Yellow Zone,526218,0.061734326809369015,0.057625816365731844,5,5
1.00,137,dropoff,Manhattan,Kips Bay,Yellow Zone,499679,0.06150122141551676,0.05688282138794084,6,7
1.00,232,dropoff,Manhattan,Two Bridges/Seward Park,Yellow Zone,353805,0.06139475584872162,0.05662514156285391,7,9
1.00,113,dropoff,Manhattan,Greenwich Village North,Yellow Zone,492654,0.06135678437194616,0.05705591479650057,8,6
1.00,107,dropoff,Manhattan,Gramercy,Yellow Zone,628489,0.06098797639604021,0.05662514156285391,9,8
1.00,45,dropoff,Manhattan,Chinatown,Yellow Zone,212931,0.06049010794572223,0.05504587155963303,10,13
1.00,90,dropoff,Manhattan,Flatiron,Yellow Zone,545771,0.06019438608560339,0.05649717514124294,11,10
1.00,229,dropoff,Manhattan,Sutton Place/Turtle Bay North,Yellow Zone,427328,0.060161487551184986,0.055741360089186176,12,11
1.00,50,dropoff,Manhattan,Clinton West,Yellow Zone,424843,0.05998290427400428,0.054684651841049946,13,14
1.00,170,dropoff,Manhattan,Murray Hill,Yellow Zone,848187,0.05906934203937683,0.05557613931085587,14,12
1.00,148,dropoff,Manhattan,Lower East Side,Yellow Zone,756594,0.05882565611755388,0.05438723712835388,15,17
1.00,233,dropoff,Manhattan,UN/Turtle Bay South,Yellow Zone,466376,0.05835771457212216,0.05456529647144417,16,15
1.00,105,dropoff,Manhattan,Governor's Island/Ellis Island/Liberty Island,Yellow Zone,28,0.05828226708874683,0.046775279221216375,17,41
1.00,234,dropoff,Manhattan,Union Sq,Yellow Zone,915567,0.05803862809936224,0.05382131324004306,18,18
1.00,158,dropoff,Manhattan,Meatpacking/West Village West,Yellow Zone,513156,0.05794063787177206,0.0544464609800363,19,16
1.00,246,dropoff,Manhattan,West Chelsea/Hudson Yards,Yellow Zone,946566,0.05784699975433497,0.053229240596167494,20,20
1.00,144,dropoff,Manhattan,Little Italy/NoLiTa,Yellow Zone,561050,0.05718053064607447,0.05276116778051354,21,21
1.00,48,dropoff,Manhattan,Clinton East,Yellow Zone,744936,0.057177333308894,0.051617343427391604,22,25
1.00,186,dropoff,Manhattan,Penn Station/Madison Sq West,Yellow Zone,727032,0.057162113429004235,0.05357142857142857,23,19
1.00,211,dropoff,Manhattan,SoHo,Yellow Zone,497703,0.05674963183337939,0.05246589716684155,24,22
1.00,125,dropoff,Manhattan,Hudson Sq,Yellow Zone,307059,0.05654026595563546,0.05147563486616335,25,26
1.00,68,dropoff,Manhattan,East Chelsea,Yellow Zone,1018392,0.05611268718543261,0.05122950819672131,26,27
1.00,141,dropoff,Manhattan,Lenox Hill West,Yellow Zone,281783,0.05610763903535993,0.05179558011049724,27,24
1.00,143,dropoff,Manhattan,Lincoln Square West,Yellow Zone,240016,0.05608477388860028,0.05088195386702849,28,28
1.00,140,dropoff,Manhattan,Lenox Hill East,Yellow Zone,279977,0.05567100512342704,0.051939058171745156,29,23
1.00,231,dropoff,Manhattan,TriBeCa/Civic Center,Yellow Zone,924429,0.055566001467003336,0.05016722408026756,30,29
1.00,142,dropoff,Manhattan,Lincoln Square East,Yellow Zone,390442,0.05488116959659776,0.0491480996068152,31,32
1.00,162,dropoff,Manhattan,Midtown East,Yellow Zone,779524,0.054308684607066914,0.049800796812749,32,31
1.00,164,dropoff,Manhattan,Midtown South,Yellow Zone,821146,0.05400104085903196,0.050066755674232306,33,30
1.00,209,dropoff,Manhattan,Seaport,Yellow Zone,183251,0.053508356877240724,0.04772510340439071,34,35
1.00,100,dropoff,Manhattan,Garment District,Yellow Zone,435184,0.052416034994734996,0.04748338081671415,35,36
1.00,161,dropoff,Manhattan,Midtown Center,Yellow Zone,1029583,0.05224633757455628,0.04801536491677337,36,34
1.00,13,dropoff,Manhattan,Battery Park City,Yellow Zone,375151,0.052106850269064836,0.046918986549890525,37,39
1.00,237,dropoff,Manhattan,Upper East Side South,Yellow Zone,465556,0.05186854772885595,0.047036688617121354,38,38
1.00,163,dropoff,Manhattan,Midtown North,Yellow Zone,685343,0.05183533168260855,0.04681647940074907,39,40
1.00,87,dropoff,Manhattan,Financial District North,Yellow Zone,545580,0.05068135870513472,0.04564820450395618,40,43
1.00,65,dropoff,Brooklyn,Downtown Brooklyn/MetroTech,Boro Zone,110021,0.050553461282805925,0.04810776138550353,41,33
1.00,146,dropoff,Queens,Long Island City/Queens Plaza,Boro Zone,75576,0.04939390362779929,0.04706620646375902,42,37
1.00,239,dropoff,Manhattan,Upper West Side South,Yellow Zone,217111,0.0493426251532006,0.045126353790613714,43,48
1.00,230,dropoff,Manhattan,Times Sq/Theatre District,Yellow Zone,1010322,0.049325885536446824,0.04426084390675716,44,53
1.00,261,dropoff,Manhattan,World Trade Center,Yellow Zone,337466,0.04879152225604608,0.04299226139294927,45,56
1.00,43,dropoff,Manhattan,Central Park,Yellow Zone,134840,0.048638876216299975,0.045454545454545456,46,45
1.00,12,dropoff,Manhattan,Battery Park,Yellow Zone,16477,0.048197907514614675,0.04159733777038269,47,65
1.00,88,dropoff,Manhattan,Financial District South,Yellow Zone,227651,0.04819732449571956,0.0429553264604811,48,57
1.00,263,dropoff,Manhattan,Yorkville West,Yellow Zone,187738,0.04819158252059099,0.045676004872107184,49,42
1.00,256,dropoff,Brooklyn,Williamsburg (South Side),Boro Zone,233031,0.04778144029326441,0.04478948939982084,50,51
1.00,262,dropoff,Manhattan,Yorkville East,Yellow Zone,114019,0.04773213109468873,0.045358330813426065,51,46
1.00,66,dropoff,Brooklyn,DUMBO/Vinegar Hill,Boro Zone,124286,0.047640117978664104,0.04549590536851684,52,44
1.00,145,dropoff,Queens,Long Island City/Hunters Point,Boro Zone,273615,0.0475324734862457,0.045167118337850046,53,47
1.00,217,dropoff,Brooklyn,South Williamsburg,Boro Zone,14818,0.04665370838061689,0.04337140469426953,54,55
1.00,193,dropoff,Queens,Queensbridge/Ravenswood,Boro Zone,26593,0.0465406278105494,0.04478948939982084,55,50
1.00,226,dropoff,Queens,Sunnyside,Boro Zone,110091,0.04631334196366985,0.04466944609886837,56,52
1.00,75,dropoff,Manhattan,East Harlem South,Boro Zone,121956,0.04599017993306015,0.044856459330143546,57,49
1.00,238,dropoff,Manhattan,Upper West Side North,Yellow Zone,138111,0.04539683717929339,0.04260153365521158,58,60
1.00,97,dropoff,Brooklyn,Fort Greene,Boro Zone,104797,0.045076893651563685,0.04373177842565598,59,54
1.00,151,dropoff,Manhattan,Manhattan Valley,Yellow Zone,65329,0.045037858895449034,0.042735042735042736,60,59
1.00,33,dropoff,Brooklyn,Brooklyn Heights,Boro Zone,137634,0.04496683216573912,0.04291845493562232,61,58
1.00,236,dropoff,Manhattan,Upper East Side North,Yellow Zone,265886,0.04428181039545672,0.04160887656033287,62,64
1.00,80,dropoff,Brooklyn,East Williamsburg,Boro Zone,150890,0.04411892870819242,0.041666666666666664,63,63
1.00,7,dropoff,Queens,Astoria,Boro Zone,161165,0.043966479817721574,0.042444821731748725,64,62
1.00,74,dropoff,Manhattan,East Harlem North,Boro Zone,69492,0.04351042791353033,0.04246885617214043,65,61
1.00,24,dropoff,Manhattan,Bloomingdale,Yellow Zone,29399,0.04322593347328352,0.041413583655438985,66,66
1.00,25,dropoff,Brooklyn,Boerum Hill,Boro Zone,110068,0.042771499466632515,0.04126547455295736,67,67
1.00,152,dropoff,Manhattan,Manhattanville,Boro Zone,33734,0.042560623201516184,0.04077194889915738,68,69
1.00,112,dropoff,Brooklyn,Greenpoint,Boro Zone,257808,0.04210357506670105,0.040983606557377046,69,68
1.00,260,dropoff,Queens,Woodside,Boro Zone,42887,0.0416748152776657,0.040518638573743916,70,70
1.00,34,dropoff,Brooklyn,Brooklyn Navy Yard,Boro Zone,17525,0.04137170192809596,0.03864983251739242,71,76
1.00,179,dropoff,Queens,Old Astoria,Boro Zone,60760,0.04131068707092233,0.040171397964649164,72,71
1.00,255,dropoff,Brooklyn,Williamsburg (North Side),Boro Zone,242618,0.04079606748926269,0.03861003861003861,73,77
1.00,49,dropoff,Brooklyn,Clinton Hill,Boro Zone,107243,0.040643278693280514,0.039515279241306635,74,72
1.00,202,dropoff,Manhattan,Roosevelt Island,Boro Zone,25998,0.040519678200700925,0.03947887948352059,75,73
1.00,166,dropoff,Manhattan,Morningside Heights,Boro Zone,96598,0.040197107540746214,0.0384122919334187,76,81
1.00,52,dropoff,Brooklyn,Cobble Hill,Boro Zone,31984,0.040184185479855514,0.03897116134060795,77,74
1.00,168,dropoff,Bronx,Mott Haven/Port Morris,Boro Zone,47902,0.03990527494648299,0.03897116134060795,78,75
1.00,54,dropoff,Brooklyn,Columbia Street,Boro Zone,12671,0.03983640519718525,0.038560411311053984,79,78
1.00,17,dropoff,Brooklyn,Bedford,Boro Zone,101837,0.039703482974600524,0.03792667509481669,80,83
1.00,41,dropoff,Manhattan,Central Harlem,Boro Zone,81141,0.039513852064281346,0.03855050115651504,81,79
1.00,83,dropoff,Queens,Elmhurst/Maspeth,Boro Zone,22466,0.0394181685002069,0.038109756097560975,82,82
1.00,42,dropoff,Manhattan,Central Harlem North,Boro Zone,88757,0.039104648536818706,0.038520801232665644,83,80
1.00,8,dropoff,Queens,Astoria Park,Boro Zone,413,0.03902388732218873,0.03710116250309176,84,85
1.00,116,dropoff,Manhattan,Hamilton Heights,Boro Zone,55959,0.03856625061994688,0.0375751503006012,85,84
1.00,37,dropoff,Brooklyn,Bushwick South,Boro Zone,155003,0.038227199817403704,0.03627569528415961,86,89
1.00,244,dropoff,Manhattan,Washington Heights South,Boro Zone,90222,0.03780646736216899,0.03675569713305562,87,86
1.00,159,dropoff,Bronx,Melrose South,Boro Zone,19593,0.03767276197905808,0.036683785766691124,88,87
1.00,189,dropoff,Brooklyn,Prospect Heights,Boro Zone,55127,0.037461989886528956,0.0366121552355382,89,88
1.00,40,dropoff,Brooklyn,Carroll Gardens,Boro Zone,50138,0.03737985827876496,0.0362406378352259,90,90
1.00,106,dropoff,Brooklyn,Gowanus,Boro Zone,24619,0.03676580131730717,0.03550295857988166,91,91
1.00,225,dropoff,Brooklyn,Stuyvesant Heights,Boro Zone,102995,0.036351991771495895,0.03460207612456747,92,95
1.00,264,dropoff,Unknown,N/A,N/A,182,0.03627317124331299,0.030785562900986302,93,123
1.00,157,dropoff,Queens,Maspeth,Boro Zone,33193,0.03620020999944187,0.03527751646284101,94,92
1.00,36,dropoff,Brooklyn,Bushwick North,Boro Zone,95455,0.03619316480885091,0.03473830477072719,95,94
1.00,82,dropoff,Queens,Elmhurst,Boro Zone,45817,0.03615129555017721,0.0350140056022409,96,93
1.00,129,dropoff,Queens,Jackson Heights,Boro Zone,53236,0.0355685148959583,0.034570177460244295,97,96
1.00,61,dropoff,Brooklyn,Crown Heights North,Boro Zone,118645,0.03530741549431188,0.03399818676337262,98,101
1.00,69,dropoff,Bronx,East Concourse/Concourse Village,Boro Zone,24351,0.03523848950554761,0.034324942791762014,99,97
1.00,223,dropoff,Queens,Steinway,Boro Zone,62150,0.03521085689036595,0.03412581092957606,100,99
1.00,147,dropoff,Bronx,Longwood,Boro Zone,8931,0.03519982821099187,0.033821871476888386,101,105
1.00,120,dropoff,Manhattan,Highbridge Park,Boro Zone,1556,0.03502222485725173,0.03403676145299307,102,100
1.00,198,dropoff,Queens,Ridgewood,Boro Zone,69762,0.035013285430556616,0.033852403520649964,103,104
1.00,235,dropoff,Bronx,University Heights/Morris Heights,Boro Zone,16621,0.03495165951485626,0.03396739130434783,104,102
1.00,62,dropoff,Brooklyn,Crown Heights South,Boro Zone,27883,0.03473122070309873,0.03345973678340397,105,108
1.00,195,dropoff,Brooklyn,Red Hook,Boro Zone,32171,0.034695590889159536,0.033400133600534405,106,109
1.00,181,dropoff,Brooklyn,Park Slope,Boro Zone,144482,0.03468025373741911,0.03331852509995557,107,110
1.00,243,dropoff,Manhattan,Washington Heights North,Boro Zone,55918,0.034446516437950415,0.033715441672285906,108,106
1.00,190,dropoff,Brooklyn,Prospect Park,Boro Zone,8613,0.03420176622701668,0.03351206434316354,109,107
1.00,207,dropoff,Queens,Saint Michaels Cemetery/Woodside,Boro Zone,277,0.03417936685870739,0.03414523104939677,110,98
1.00,119,dropoff,Bronx,Highbridge,Boro Zone,20380,0.03417768030985117,0.033905967450271246,111,103
1.00,167,dropoff,Bronx,Morrisania/Melrose,Boro Zone,13321,0.0339565459417958,0.032996040475142985,112,112
1.00,127,dropoff,Manhattan,Inwood,Boro Zone,26062,0.03359420059611118,0.03279405334499344,113,113
1.00,160,dropoff,Queens,Middle Village,Boro Zone,20383,0.033532755212189125,0.032369443245576175,114,116
1.00,247,dropoff,Bronx,West Concourse,Boro Zone,27164,0.033475022698268096,0.033017829627999117,115,111
1.00,196,dropoff,Queens,Rego Park,Boro Zone,21190,0.033449695710067576,0.03248862897985705,116,114
1.00,169,dropoff,Bronx,Mount Hope,Boro Zone,16269,0.033342728622129454,0.03244646333549643,117,115
1.00,56,dropoff,Queens,Corona,Boro Zone,15127,0.03319170111071542,0.03226500322650032,118,117
1.00,126,dropoff,Bronx,Hunts Point,Boro Zone,10799,0.03315710396287858,0.03224419604471195,119,118
1.00,188,dropoff,Brooklyn,Prospect-Lefferts Gardens,Boro Zone,54076,0.03255224759402149,0.03141032387066221,120,119
1.00,133,dropoff,Brooklyn,Kensington,Boro Zone,15590,0.032209658272990695,0.030886441179852515,121,121
1.00,128,dropoff,Manhattan,Inwood Hill Park,Boro Zone,2479,0.03176919184158524,0.031269543464665414,122,120
1.00,228,dropoff,Brooklyn,Sunset Park West,Boro Zone,49437,0.03174721270799951,0.03060599877576005,123,128
1.00,257,dropoff,Brooklyn,Windsor Terrace,Boro Zone,24429,0.03165589067461928,0.03061849357011635,124,127
1.00,136,dropoff,Bronx,Kingsbridge Heights,Boro Zone,10276,0.0316296224060003,0.030662305805396566,125,125
1.00,212,dropoff,Bronx,Soundview/Bruckner,Boro Zone,9198,0.03158528772628289,0.030816641311304696,126,122
1.00,60,dropoff,Bronx,Crotona Park East,Boro Zone,6234,0.031532899083799165,0.030543678725196866,127,129
1.00,47,dropoff,Bronx,Claremont/Bathgate,Boro Zone,8044,0.03146361013159924,0.030696820655770108,128,124
1.00,227,dropoff,Brooklyn,Sunset Park East,Boro Zone,17078,0.03139259601126953,0.030108390204737052,129,131
1.00,94,dropoff,Bronx,Fordham South,Boro Zone,6799,0.03133935416626058,0.030637254901960783,130,126
1.00,248,dropoff,Bronx,West Farms/Bronx River,Boro Zone,8792,0.03103196414175717,0.03013863773357444,131,130
1.00,173,dropoff,Queens,North Corona,Boro Zone,8324,0.030734438779338936,0.029856687898089172,132,132
1.00,177,dropoff,Brooklyn,Ocean Hill,Boro Zone,19675,0.030486305200124245,0.029211295034079845,133,133
1.00,78,dropoff,Bronx,East Tremont,Boro Zone,11818,0.02986334190526471,0.029123386353484007,134,134
1.00,213,dropoff,Bronx,Soundview/Castle Hill,Boro Zone,14067,0.029777644604368846,0.02874664622460713,135,138
1.00,85,dropoff,Brooklyn,Erasmus,Boro Zone,18963,0.029684837053004114,0.028275212064090484,136,141
1.00,59,dropoff,Bronx,Crotona Park,Boro Zone,464,0.029654670934370894,0.028840608641646705,137,136
1.00,111,dropoff,Brooklyn,Green-Wood Cemetery,Boro Zone,446,0.02963648776782444,0.028068886846984754,138,144
1.00,102,dropoff,Queens,Glendale,Boro Zone,12037,0.02959399208430285,0.02895752895752896,139,135
1.00,57,dropoff,Queens,Corona,Boro Zone,568,0.029385088005548433,0.028749401318169006,140,137
1.00,89,dropoff,Brooklyn,Flatbush/Ditmas Park,Boro Zone,54012,0.029354330032340604,0.028053113895642415,141,145
1.00,241,dropoff,Bronx,Van Cortlandt Village,Boro Zone,16136,0.029161748865293245,0.028694404853616726,142,140
1.00,194,dropoff,Manhattan,Randalls Island,Yellow Zone,7575,0.029135194675495593,0.02870264064293915,143,139
1.00,153,dropoff,Manhattan,Marble Hill,Boro Zone,2878,0.028813506785966492,0.02823529436775901,144,142
1.00,95,dropoff,Queens,Forest Hills,Boro Zone,58330,0.028767986063053103,0.028206092515983452,145,143
1.00,250,dropoff,Bronx,Westchester Village/Unionport,Boro Zone,7885,0.02869890805773607,0.02791736460078169,146,147
1.00,182,dropoff,Bronx,Parkchester,Boro Zone,10839,0.028477375929116373,0.02791736460078169,147,146
1.00,18,dropoff,Bronx,Bedford Park,Boro Zone,14246,0.028399732886423563,0.02774181616423155,148,148
1.00,192,dropoff,Queens,Queensboro Hill,Boro Zone,6098,0.028080267232327264,0.027583670467083484,149,149
1.00,220,dropoff,Bronx,Spuyten Duyvil/Kingsbridge,Boro Zone,20830,0.027636395929265978,0.027183762232693004,150,150
1.00,71,dropoff,Brooklyn,East Flatbush/Farragut,Boro Zone,14508,0.027408509894840682,0.026093763787911197,151,156
1.00,35,dropoff,Brooklyn,Brownsville,Boro Zone,11662,0.027364963340941066,0.02619629758994062,152,155
1.00,67,dropoff,Brooklyn,Dyker Heights,Boro Zone,14663,0.027324647842978275,0.026334269662921347,153,152
1.00,70,dropoff,Queens,East Elmhurst,Boro Zone,14262,0.027188383337799243,0.02660046107465863,154,151
1.00,14,dropoff,Brooklyn,Bay Ridge,Boro Zone,48776,0.027129562150585977,0.026200873362445413,155,154
1.00,72,dropoff,Brooklyn,East Flatbush/Remsen Village,Boro Zone,11267,0.027067268383100463,0.02590673575129534,156,157
1.00,32,dropoff,Bronx,Bronxdale,Boro Zone,7627,0.0269599449993984,0.02631578947368421,157,153
1.00,26,dropoff,Brooklyn,Borough Park,Boro Zone,13967,0.02666389425782209,0.025649794801641587,158,159
1.00,63,dropoff,Brooklyn,Cypress Hills,Boro Zone,10333,0.02654328895396537,0.02565856996236743,159,158
1.00,185,dropoff,Bronx,Pelham Parkway,Boro Zone,12670,0.02621558344584919,0.02545824847250509,160,163
1.00,135,dropoff,Queens,Kew Gardens Hills,Boro Zone,9115,0.026134040775051298,0.025627883136852894,161,160
1.00,28,dropoff,Queens,Briarwood/Jamaica Hills,Boro Zone,11822,0.02603785292839695,0.025453928389614796,162,164
1.00,174,dropoff,Bronx,Norwood,Boro Zone,12629,0.02599806604214778,0.025505866349260328,163,162
1.00,20,dropoff,Bronx,Belmont,Boro Zone,14121,0.025940349937543045,0.02544529262086514,164,165
1.00,240,dropoff,Bronx,Van Cortlandt Park,Boro Zone,2740,0.025878641445319185,0.025514543289675114,165,161
1.00,258,dropoff,Queens,Woodhaven,Boro Zone,11602,0.02585217840650858,0.02528871298421394,166,166
1.00,77,dropoff,Brooklyn,East New York/Pennsylvania Avenue,Boro Zone,6602,0.025786333057268643,0.024473813020068527,167,177
1.00,96,dropoff,Queens,Forest Park/Highland Park,Boro Zone,1192,0.025768036156049674,0.025201615748751634,168,168
1.00,242,dropoff,Bronx,Van Nest/Morris Park,Boro Zone,9061,0.02573878688788991,0.0250501002004008,169,170
1.00,121,dropoff,Queens,Hillcrest/Pomonok,Boro Zone,9640,0.025546598926274797,0.025068939758906922,170,169
1.00,134,dropoff,Queens,Kew Gardens,Boro Zone,10130,0.025521617756327494,0.025214321734745335,171,167
1.00,73,dropoff,Queens,East Flushing,Boro Zone,4770,0.025390008658548915,0.02490039909255186,172,174
1.00,259,dropoff,Bronx,Woodlawn/Wakefield,Boro Zone,9948,0.025381351443372425,0.02492108323641801,173,173
1.00,22,dropoff,Brooklyn,Bensonhurst West,Boro Zone,16852,0.025362234710526527,0.024422012373819604,174,178
1.00,92,dropoff,Queens,Flushing,Boro Zone,32258,0.025329571675203454,0.024975024975024972,175,172
1.00,183,dropoff,Bronx,Pelham Bay,Boro Zone,5533,0.025282964385712908,0.025025025025025027,176,171
1.00,254,dropoff,Bronx,Williamsbridge/Olinville,Boro Zone,10231,0.025203603483169378,0.02461437479488021,177,175
1.00,208,dropoff,Bronx,Schuylerville/Edgewater Park,Boro Zone,13124,0.024942081914982664,0.024602263408233557,178,176
1.00,11,dropoff,Brooklyn,Bath Beach,Boro Zone,6377,0.024689214780120903,0.023839796567069294,179,181
1.00,197,dropoff,Queens,Richmond Hill,Boro Zone,11170,0.024642677050446156,0.02422871910838314,180,179
1.00,200,dropoff,Bronx,Riverdale/North Riverdale/Fieldston,Boro Zone,18631,0.02425718906021979,0.02403846153846154,181,180
1.00,21,dropoff,Brooklyn,Bensonhurst East,Boro Zone,11243,0.02419947018997019,0.02336448598130841,182,188
1.00,3,dropoff,Bronx,Allerton/Pelham Gardens,Boro Zone,5886,0.024190806660421706,0.023809523809523808,183,182
1.00,58,dropoff,Bronx,Country Club,Boro Zone,2079,0.0241626855426034,0.023711666139740753,184,184
1.00,165,dropoff,Brooklyn,Midwood,Boro Zone,13199,0.024136493073407976,0.023342670401493928,185,189
1.00,53,dropoff,Queens,College Point,Boro Zone,6015,0.024082466319057364,0.02363693665300977,186,186
1.00,130,dropoff,Queens,Jamaica,Boro Zone,13078,0.024080193014283404,0.0236929395040278,187,185
1.00,171,dropoff,Queens,Murray Hill-Queens,Boro Zone,9754,0.023980980387509617,0.02375861264604199,188,183
1.00,31,dropoff,Bronx,Bronx Park,Boro Zone,4230,0.02392578200883209,0.023450324539440244,189,187
1.00,76,dropoff,Brooklyn,East New York,Boro Zone,17514,0.023756676003721007,0.022813688212927757,190,196
1.00,178,dropoff,Brooklyn,Ocean Parkway South,Boro Zone,4928,0.02352934299933643,0.022561480160692985,191,197
1.00,98,dropoff,Queens,Fresh Meadows,Boro Zone,3627,0.02346677574232774,0.022984983144345692,192,192
1.00,51,dropoff,Bronx,Co-Op City,Boro Zone,8099,0.023460679040905572,0.02310180194055136,193,190
1.00,81,dropoff,Bronx,Eastchester,Boro Zone,5030,0.023373035108118223,0.022967386311437757,194,193
1.00,9,dropoff,Queens,Auburndale,Boro Zone,4504,0.023323012181656024,0.022937533584659997,195,194
1.00,180,dropoff,Queens,Ozone Park,Boro Zone,4435,0.023214951073484816,0.023080473919064474,196,191
1.00,131,dropoff,Queens,Jamaica Estates,Boro Zone,6787,0.02301345113188438,0.022834525803014157,197,195
1.00,91,dropoff,Brooklyn,Flatlands,Boro Zone,11669,0.022826570351158527,0.022088057723457517,198,199
1.00,122,dropoff,Queens,Hollis,Boro Zone,2273,0.022676127818419746,0.022344704305079698,199,198
1.00,93,dropoff,Queens,Flushing Meadows-Corona Park,Boro Zone,11340,0.02255485859107185,0.022053958804767845,200,200
1.00,215,dropoff,Queens,South Jamaica,Boro Zone,3911,0.022343386477064343,0.021961932650073207,201,201
1.00,184,dropoff,Bronx,Pelham Bay Park,Boro Zone,1244,0.02224222404015244,0.021728118162522486,202,202
1.00,108,dropoff,Brooklyn,Gravesend,Boro Zone,4572,0.022007336340610528,0.021341680409633947,203,205
1.00,252,dropoff,Queens,Whitestone,Boro Zone,6063,0.02195194989088734,0.02152080344332855,204,203
1.00,175,dropoff,Queens,Oakland Gardens,Boro Zone,4130,0.021878549417135303,0.021471516217295435,205,204
1.00,149,dropoff,Brooklyn,Madison,Boro Zone,7849,0.021855740327216985,0.021334091878822358,206,206
1.00,123,dropoff,Brooklyn,Homecrest,Boro Zone,10088,0.02141158887927372,0.020889910274676404,207,209
1.00,253,dropoff,Queens,Willets Point,Boro Zone,194,0.021385478147546266,0.020816371925341078,208,211
1.00,16,dropoff,Queens,Bayside,Boro Zone,8723,0.021240698716630004,0.020943870427254957,209,208
1.00,216,dropoff,Queens,South Ozone Park,Boro Zone,11846,0.02118849872458562,0.02096436099651006,210,207
1.00,138,dropoff,Queens,LaGuardia Airport,Airports,999638,0.021029476803551484,0.02082465639316951,211,210
1.00,191,dropoff,Queens,Queens Village,Boro Zone,5400,0.02087775280081393,0.02049040375654137,212,212
1.00,39,dropoff,Brooklyn,Canarsie,Boro Zone,11449,0.020872345022003445,0.020080321285140562,213,214
1.00,55,dropoff,Brooklyn,Coney Island,Boro Zone,10873,0.020429816511533166,0.020139634801288935,214,213
1.00,205,dropoff,Queens,Saint Albans,Boro Zone,5292,0.020243357337290307,0.019883351007423118,215,215
1.00,15,dropoff,Queens,Bay Terrace/Fort Totten,Boro Zone,4096,0.020207726534429076,0.019872814339276405,216,216
1.00,29,dropoff,Brooklyn,Brighton Beach,Boro Zone,7017,0.019959096620229204,0.019605280355509083,217,217
1.00,210,dropoff,Brooklyn,Sheepshead Bay,Boro Zone,8933,0.019864122140327446,0.01937483854301214,218,220
1.00,222,dropoff,Brooklyn,Starrett City,Boro Zone,2485,0.019827950191280985,0.019399896533885155,219,219
1.00,19,dropoff,Queens,Bellerose,Boro Zone,2389,0.019802317922613107,0.01956436676666232,220,218
1.00,265,dropoff,N/A,Outside of NYC,N/A,1865277,0.019339212767709373,0.018118130208962434,221,228
1.00,218,dropoff,Queens,Springfield Gardens North,Boro Zone,2679,0.01925118045327229,0.01902587519025875,222,221
1.00,124,dropoff,Queens,Howard Beach,Boro Zone,4572,0.019021470947664564,0.018945374246695547,223,222
1.00,10,dropoff,Queens,Baisley Park,Boro Zone,7117,0.018826733603380493,0.018188432157148052,224,227
1.00,64,dropoff,Queens,Douglaston,Boro Zone,3965,0.01877148416421017,0.018425254882692546,225,223
1.00,46,dropoff,Bronx,City Island,Boro Zone,808,0.01854211793424826,0.018282665043066082,226,224
1.00,155,dropoff,Brooklyn,Marine Park/Mill Basin,Boro Zone,7586,0.01848408520179549,0.01771793054571226,227,230
1.00,150,dropoff,Brooklyn,Manhattan Beach,Boro Zone,3255,0.018466076208868545,0.01820388349514563,228,226
1.00,219,dropoff,Queens,Springfield Gardens South,Boro Zone,2838,0.01841598814691694,0.0182570593962999,229,225
1.00,38,dropoff,Queens,Cambria Heights,Boro Zone,2811,0.01799507330929702,0.017661603673613562,230,231
1.00,101,dropoff,Queens,Glen Oaks,Boro Zone,2757,0.017962496690037594,0.017545911802550006,231,233
1.00,221,dropoff,Staten Island,Stapleton,Boro Zone,3403,0.017800093432175985,0.017734689051785293,232,229
1.00,139,dropoff,Queens,Laurelton,Boro Zone,2354,0.01766041150634437,0.01760150223720009,233,232
1.00,203,dropoff,Queens,Rosedale,Boro Zone,2119,0.017619545436896714,0.017339035949601202,234,235
1.00,6,dropoff,Staten Island,Arrochar/Fort Wadsworth,Boro Zone,2435,0.017592174373324363,0.017478443253320906,235,234
1.00,115,dropoff,Staten Island,Grymes Hill/Clifton,Boro Zone,2605,0.017281367954751804,0.01716050795103535,236,237
1.00,154,dropoff,Brooklyn,Marine Park/Floyd Bennett Field,Boro Zone,546,0.017279411035840464,0.017189028772698817,237,236
1.00,214,dropoff,Staten Island,South Beach/Dongan Hills,Boro Zone,2876,0.016084576593657873,0.01598636121284534,238,238
1.00,206,dropoff,Staten Island,Saint George/New Brighton,Boro Zone,3977,0.016006097767718254,0.0158144438587243,239,239
1.00,245,dropoff,Staten Island,West Brighton,Boro Zone,2543,0.01562776726429434,0.015613615072343084,240,240
1.00,86,dropoff,Queens,Far Rockaway,Boro Zone,3224,0.01539995209389502,0.015239256953462543,241,242
1.00,187,dropoff,Staten Island,Port Richmond,Boro Zone,1281,0.015332805105791714,0.015113350125944584,242,244
1.00,30,dropoff,Queens,Broad Channel,Boro Zone,289,0.015277206894780208,0.014977533699450823,243,246
1.00,156,dropoff,Staten Island,Mariners Harbor,Boro Zone,1948,0.015229852146743866,0.01505117459773322,244,245
1.00,251,dropoff,Staten Island,Westerleigh,Boro Zone,2729,0.015218336539405446,0.01483386075949367,245,247
1.00,110,dropoff,Staten Island,Great Kills Park,Boro Zone,1,0.015137753557372086,0.015137753557372086,246,243
1.00,172,dropoff,Staten Island,New Dorp/Midland Beach,Boro Zone,1854,0.014691165464735745,0.01446898934707226,247,249
1.00,1,dropoff,EWR,Newark Airport,EWR,606948,0.014613095599510458,0.014625585023400936,248,248
1.00,2,dropoff,Queens,Jamaica Bay,Boro Zone,11,0.014547307039565615,0.015267175572519083,249,241
1.00,117,dropoff,Queens,Hammels/Arverne,Boro Zone,3449,0.014292451616077376,0.014150943396226415,250,250
1.00,118,dropoff,Staten Island,Heartland Village/Todt Hill,Boro Zone,4273,0.014251505652967001,0.013895321908290875,251,252
1.00,23,dropoff,Staten Island,Bloomfield/Emerson Hill,Boro Zone,3998,0.01424529060656463,0.01396453012382009,252,251
1.00,132,dropoff,Queens,JFK Airport,Airports,658207,0.013782055681293445,0.013556258472661545,253,253
1.00,201,dropoff,Queens,Rockaway Park,Boro Zone,3490,0.013612841746494839,0.013341634794983544,254,255
1.00,104,dropoff,Manhattan,Governor's Island/Ellis Island/Liberty Island,Yellow Zone,1,0.013438451890342233,0.013438451890342233,255,254
1.00,176,dropoff,Staten Island,Oakwood,Boro Zone,1630,0.013375878491168006,0.013222266938561765,256,256
1.00,27,dropoff,Queens,Breezy Point/Fort Tilden/Riis Beach,Boro Zone,678,0.013162203098242467,0.013029882747278489,257,257
1.00,109,dropoff,Staten Island,Great Kills,Boro Zone,2255,0.012273202061930553,0.012025012025012025,258,258
1.00,5,dropoff,Staten Island,Arden Heights,Boro Zone,1126,0.01156147789505788,0.011334441848712042,259,260
1.00,99,dropoff,Staten Island,Freshkills Park,Boro Zone,44,0.011217903464355715,0.011505734068834244,260,259
1.00,204,dropoff,Staten Island,Rossville/Woodrow,Boro Zone,1521,0.010863584348261119,0.01065340909090909,261,261
1.00,84,dropoff,Staten Island,Eltingville/Annadale/Prince's Bay,Boro Zone,2149,0.010787550364229306,0.010405105438401776,262,262
1.00,44,dropoff,Staten Island,Charleston/Tottenville,Boro Zone,1460,0.010226376895004436,0.010055641621435643,263,263
1.00,4,pickup,Manhattan,Alphabet City,Yellow Zone,284803,0.060156779499974576,0.056179775280898875,1,2
1.00,137,pickup,Manhattan,Kips Bay,Yellow Zone,509958,0.05936916648132968,0.055637982195845696,2,3
1.00,224,pickup,Manhattan,Stuy Town/Peter Cooper Village,Yellow Zone,200589,0.05904261337284867,0.0574052812858783,3,1
1.00,50,pickup,Manhattan,Clinton West,Yellow Zone,523676,0.05896634185789729,0.05522827687776141,4,4
1.00,232,pickup,Manhattan,Two Bridges/Seward Park,Yellow Zone,419627,0.05810098146026743,0.05385996409335727,5,5
1.00,79,pickup,Manhattan,East Village,Yellow Zone,1205358,0.05790092732158224,0.053229240596167494,6,8
1.00,107,pickup,Manhattan,Gramercy,Yellow Zone,723383,0.057504982898474034,0.05384063173007897,7,6
1.00,45,pickup,Manhattan,Chinatown,Yellow Zone,244352,0.05732171917410266,0.05167068549776094,8,13
1.00,143,pickup,Manhattan,Lincoln Square West,Yellow Zone,320105,0.0566199467866514,0.05274261603375527,9,9
1.00,90,pickup,Manhattan,Flatiron,Yellow Zone,651649,0.056596315310660714,0.05228302544440571,10,11
1.00,233,pickup,Manhattan,UN/Turtle Bay South,Yellow Zone,539276,0.05652032302920862,0.05368647100930565,11,7
1.00,113,pickup,Manhattan,Greenwich Village North,Yellow Zone,579709,0.056492225562269266,0.05170630816959669,12,12
1.00,229,pickup,Manhattan,Sutton Place/Turtle Bay North,Yellow Zone,560764,0.055972850934337536,0.052521008403361345,13,10
1.00,249,pickup,Manhattan,West Village,Yellow Zone,869190,0.055722183517408444,0.05115961800818554,14,15
1.00,114,pickup,Manhattan,Greenwich Village South,Yellow Zone,603421,0.05522187481917223,0.04973474801061008,15,18
1.00,170,pickup,Manhattan,Murray Hill,Yellow Zone,874710,0.055126482785725205,0.05129958960328317,16,14
1.00,148,pickup,Manhattan,Lower East Side,Yellow Zone,994184,0.05496860023979012,0.0501002004008016,17,17
1.00,144,pickup,Manhattan,Little Italy/NoLiTa,Yellow Zone,672094,0.05473898139239027,0.04952129415648729,18,19
1.00,48,pickup,Manhattan,Clinton East,Yellow Zone,950452,0.05377387552963507,0.04793863854266539,19,24
1.00,234,pickup,Manhattan,Union Sq,Yellow Zone,1035748,0.05339421079987229,0.04849660523763337,20,22
1.00,140,pickup,Manhattan,Lenox Hill East,Yellow Zone,308002,0.053145567528426904,0.05052206130010104,21,16
1.00,211,pickup,Manhattan,SoHo,Yellow Zone,551970,0.053087525965493355,0.047785919082510356,22,25
1.00,141,pickup,Manhattan,Lenox Hill West,Yellow Zone,380422,0.05277825404218723,0.04940711462450593,23,20
1.00,158,pickup,Manhattan,Meatpacking/West Village West,Yellow Zone,577945,0.05268632241497265,0.048575129533678756,24,21
1.00,125,pickup,Manhattan,Hudson Sq,Yellow Zone,356075,0.05228019276079598,0.04659832246039143,25,29
1.00,246,pickup,Manhattan,West Chelsea/Hudson Yards,Yellow Zone,1008396,0.05208627778184103,0.04803073967339097,26,23
1.00,231,pickup,Manhattan,TriBeCa/Civic Center,Yellow Zone,1101504,0.052002192063908506,0.04638218923933209,27,30
1.00,142,pickup,Manhattan,Lincoln Square East,Yellow Zone,451502,0.051514912180581,0.0462962962962963,28,31
1.00,186,pickup,Manhattan,Penn Station/Madison Sq West,Yellow Zone,609880,0.05123805148799978,0.046097111247695145,29,32
1.00,68,pickup,Manhattan,East Chelsea,Yellow Zone,1039930,0.050560056569105664,0.0453035336756267,30,35
1.00,164,pickup,Manhattan,Midtown South,Yellow Zone,982550,0.05046111955512074,0.04497751124437781,31,37
1.00,209,pickup,Manhattan,Seaport,Yellow Zone,209918,0.04995634780228938,0.045018007202881155,32,36
1.00,262,pickup,Manhattan,Yorkville East,Yellow Zone,146869,0.049735209061377676,0.04775549188156638,33,26
1.00,146,pickup,Queens,Long Island City/Queens Plaza,Boro Zone,61213,0.04954727451932827,0.046918986549890525,34,27
1.00,65,pickup,Brooklyn,Downtown Brooklyn/MetroTech,Boro Zone,106023,0.04954542939644001,0.046831095847642834,35,28
1.00,237,pickup,Manhattan,Upper East Side South,Yellow Zone,545643,0.049398949945443485,0.044682752457551385,36,38
1.00,162,pickup,Manhattan,Midtown East,Yellow Zone,784169,0.04816775164133866,0.0436046511627907,37,40
1.00,66,pickup,Brooklyn,DUMBO/Vinegar Hill,Boro Zone,136927,0.04766156022210502,0.0453035336756267,38,34
1.00,13,pickup,Manhattan,Battery Park City,Yellow Zone,420003,0.047563675537035596,0.042265426880811495,39,48
1.00,43,pickup,Manhattan,Central Park,Yellow Zone,93544,0.04735083818558732,0.043834015195791935,40,39
1.00,263,pickup,Manhattan,Yorkville West,Yellow Zone,211319,0.047273817391478234,0.045551169146674765,41,33
1.00,100,pickup,Manhattan,Garment District,Yellow Zone,533661,0.04698971980003287,0.039936102236421724,42,62
1.00,12,pickup,Manhattan,Battery Park,Yellow Zone,9615,0.04679620771998362,0.04056246619794484,43,58
1.00,87,pickup,Manhattan,Financial District North,Yellow Zone,607147,0.04674031466580652,0.04246885617214043,44,46
1.00,163,pickup,Manhattan,Midtown North,Yellow Zone,812565,0.04672677201834351,0.041724617524339355,45,51
1.00,239,pickup,Manhattan,Upper West Side South,Yellow Zone,257928,0.046284825853898356,0.043153049482163405,46,42
1.00,161,pickup,Manhattan,Midtown Center,Yellow Zone,1160948,0.045638352571224464,0.04110715264456015,47,54
1.00,97,pickup,Brooklyn,Fort Greene,Boro Zone,114234,0.04512975778073778,0.04357931435212086,48,41
1.00,230,pickup,Manhattan,Times Sq/Theatre District,Yellow Zone,1182587,0.04502460311330538,0.038839979285344384,49,70
1.00,256,pickup,Brooklyn,Williamsburg (South Side),Boro Zone,213996,0.04470389410695304,0.04239683436970039,50,47
1.00,261,pickup,Manhattan,World Trade Center,Yellow Zone,351715,0.04412818994873573,0.03851091142490372,51,72
1.00,226,pickup,Queens,Sunnyside,Boro Zone,93027,0.04406597834014388,0.04258943781942078,52,44
1.00,75,pickup,Manhattan,East Harlem South,Boro Zone,122352,0.04397038992510041,0.0430045871559633,53,43
1.00,145,pickup,Queens,Long Island City/Hunters Point,Boro Zone,207331,0.04391076009372666,0.04256526674233825,54,45
1.00,7,pickup,Queens,Astoria,Boro Zone,125748,0.0436683340301798,0.04212299915754002,55,49
1.00,193,pickup,Queens,Queensbridge/Ravenswood,Boro Zone,22605,0.043625354479826545,0.04152823920265781,56,52
1.00,236,pickup,Manhattan,Upper East Side North,Yellow Zone,292168,0.04339339834920256,0.04082743603701687,57,56
1.00,88,pickup,Manhattan,Financial District South,Yellow Zone,236455,0.04338879739168766,0.038540596094552924,58,71
1.00,74,pickup,Manhattan,East Harlem North,Boro Zone,79084,0.04297107659988708,0.04180602006688963,59,50
1.00,238,pickup,Manhattan,Upper West Side North,Yellow Zone,147717,0.04292320079048219,0.04110715264456015,60,55
1.00,33,pickup,Brooklyn,Brooklyn Heights,Boro Zone,132467,0.04262945214293932,0.04120879120879121,61,53
1.00,217,pickup,Brooklyn,South Williamsburg,Boro Zone,12422,0.04261316645292003,0.04034969810719485,62,59
1.00,54,pickup,Brooklyn,Columbia Street,Boro Zone,13729,0.04196131609622918,0.04033342296316214,63,60
1.00,151,pickup,Manhattan,Manhattan Valley,Yellow Zone,67152,0.04192000641102974,0.04059539918809201,64,57
1.00,152,pickup,Manhattan,Manhattanville,Boro Zone,34346,0.041599799823636374,0.04019292604501608,65,61
1.00,80,pickup,Brooklyn,East Williamsburg,Boro Zone,130453,0.04128838262541564,0.03949447077409163,66,66
1.00,34,pickup,Brooklyn,Brooklyn Navy Yard,Boro Zone,20761,0.040975336902196326,0.03800354699771979,67,74
1.00,25,pickup,Brooklyn,Boerum Hill,Boro Zone,103494,0.04081088541112794,0.039619651347068144,68,64
1.00,24,pickup,Manhattan,Bloomingdale,Yellow Zone,30358,0.04072492756687468,0.03990422984836392,69,63
1.00,179,pickup,Queens,Old Astoria,Boro Zone,44415,0.04068731196405809,0.03912363067292644,70,69
1.00,260,pickup,Queens,Woodside,Boro Zone,36418,0.04064247745910758,0.03933910306845004,71,68
1.00,49,pickup,Brooklyn,Clinton Hill,Boro Zone,96946,0.04052507123823779,0.039619651347068144,72,65
1.00,112,pickup,Brooklyn,Greenpoint,Boro Zone,220820,0.040246401731970576,0.039359748097612175,73,67
1.00,255,pickup,Brooklyn,Williamsburg (North Side),Boro Zone,237461,0.04019541011945801,0.038061405734585135,74,73
1.00,52,pickup,Brooklyn,Cobble Hill,Boro Zone,32565,0.03914149457755074,0.03798429982273993,75,76
1.00,116,pickup,Manhattan,Hamilton Heights,Boro Zone,56445,0.03902367928553903,0.03800354699771979,76,75
1.00,42,pickup,Manhattan,Central Harlem North,Boro Zone,91886,0.038459030710511564,0.03788835564536499,77,77
1.00,83,pickup,Queens,Elmhurst/Maspeth,Boro Zone,17904,0.038146571440677936,0.037267080745341616,78,79
1.00,41,pickup,Manhattan,Central Harlem,Boro Zone,80629,0.03814508450954254,0.03753753753753754,79,78
1.00,105,pickup,Manhattan,Governor's Island/Ellis Island/Liberty Island,Yellow Zone,12,0.03800392023688976,0.034884326954639125,80,88
1.00,166,pickup,Manhattan,Morningside Heights,Boro Zone,91592,0.037990289207736005,0.03687315634218289,81,81
1.00,17,pickup,Brooklyn,Bedford,Boro Zone,78448,0.03797774288061886,0.036891293654697496,82,80
1.00,244,pickup,Manhattan,Washington Heights South,Boro Zone,88427,0.03766821679318763,0.03665689149560117,83,82
1.00,168,pickup,Bronx,Mott Haven/Port Morris,Boro Zone,43611,0.037063893628707226,0.036118468576932336,84,85
1.00,189,pickup,Brooklyn,Prospect Heights,Boro Zone,46406,0.03696271109914728,0.03636363636363636,85,83
1.00,8,pickup,Queens,Astoria Park,Boro Zone,306,0.036844006206084405,0.03602770555218657,86,86
1.00,202,pickup,Manhattan,Roosevelt Island,Boro Zone,16060,0.036784173683510696,0.036153289949385395,87,84
1.00,40,pickup,Brooklyn,Carroll Gardens,Boro Zone,47371,0.03634908926695349,0.03542749173358526,88,87
1.00,37,pickup,Brooklyn,Bushwick South,Boro Zone,116254,0.03601049685929618,0.03428571428571429,89,89
1.00,159,pickup,Bronx,Melrose South,Boro Zone,19790,0.03518867438719327,0.03389447563319981,90,93
1.00,106,pickup,Brooklyn,Gowanus,Boro Zone,24031,0.03512109371569522,0.033913633280578795,91,92
1.00,120,pickup,Manhattan,Highbridge Park,Boro Zone,866,0.035060220079483694,0.03384104443426478,92,94
1.00,243,pickup,Manhattan,Washington Heights North,Boro Zone,62950,0.03480484789854458,0.033952014486192846,93,91
1.00,82,pickup,Queens,Elmhurst,Boro Zone,32901,0.034740897420890926,0.034106412005457026,94,90
1.00,129,pickup,Queens,Jackson Heights,Boro Zone,44268,0.03431582746219657,0.033415014479839605,95,95
1.00,195,pickup,Brooklyn,Red Hook,Boro Zone,36922,0.03393806720442523,0.03271537622682661,96,98
1.00,36,pickup,Brooklyn,Bushwick North,Boro Zone,75703,0.033839527886246445,0.0326512842838485,97,99
1.00,127,pickup,Manhattan,Inwood,Boro Zone,29797,0.03376269037387875,0.032996040475142985,98,97
1.00,157,pickup,Queens,Maspeth,Boro Zone,36413,0.03372542468551101,0.03328894806924101,99,96
1.00,225,pickup,Brooklyn,Stuyvesant Heights,Boro Zone,71185,0.03369062033099234,0.032411408815903195,100,101
1.00,181,pickup,Brooklyn,Park Slope,Boro Zone,120522,0.033639680590877075,0.03234850118611171,101,103
1.00,207,pickup,Queens,Saint Michaels Cemetery/Woodside,Boro Zone,234,0.03342180766549748,0.03228236643328658,102,104
1.00,61,pickup,Brooklyn,Crown Heights North,Boro Zone,81759,0.0333629312380033,0.03248862897985705,103,100
1.00,223,pickup,Queens,Steinway,Boro Zone,42675,0.03329235611108141,0.032037590773173856,104,107
1.00,235,pickup,Bronx,University Heights/Morris Heights,Boro Zone,18836,0.033246682300021264,0.032390412437918376,105,102
1.00,69,pickup,Bronx,East Concourse/Concourse Village,Boro Zone,21965,0.03299079641399208,0.03216123499142367,106,105
1.00,198,pickup,Queens,Ridgewood,Boro Zone,47778,0.0328650101622869,0.0320786997433704,107,106
1.00,169,pickup,Bronx,Mount Hope,Boro Zone,15365,0.03249294585777955,0.03164556962025317,108,109
1.00,147,pickup,Bronx,Longwood,Boro Zone,8775,0.03230928528944942,0.03095975232198142,109,115
1.00,167,pickup,Bronx,Morrisania/Melrose,Boro Zone,14233,0.03230410754562734,0.031017369727047148,110,114
1.00,62,pickup,Brooklyn,Crown Heights South,Boro Zone,20684,0.03224860167222514,0.03136762860727729,111,111
1.00,160,pickup,Queens,Middle Village,Boro Zone,14935,0.032181118958840266,0.031321779077051574,112,112
1.00,56,pickup,Queens,Corona,Boro Zone,15935,0.03216181871745618,0.0316055625790139,113,110
1.00,119,pickup,Bronx,Highbridge,Boro Zone,19171,0.032145324475796676,0.03199658703071672,114,108
1.00,196,pickup,Queens,Rego Park,Boro Zone,15868,0.031725710195103916,0.031168831505280017,115,113
1.00,190,pickup,Brooklyn,Prospect Park,Boro Zone,5322,0.031699342613520844,0.030624744793793388,116,117
1.00,128,pickup,Manhattan,Inwood Hill Park,Boro Zone,2848,0.03146638233200291,0.03062161918195487,117,118
1.00,247,pickup,Bronx,West Concourse,Boro Zone,27872,0.031139469394557057,0.030953363598844406,118,116
1.00,153,pickup,Manhattan,Marble Hill,Boro Zone,2926,0.030931838069272424,0.03000900300108041,119,119
1.00,136,pickup,Bronx,Kingsbridge Heights,Boro Zone,10283,0.030721076693346963,0.0298804780876494,120,120
1.00,47,pickup,Bronx,Claremont/Bathgate,Boro Zone,8834,0.030523210252599433,0.029597474348855565,121,123
1.00,94,pickup,Bronx,Fordham South,Boro Zone,6122,0.030412609784755774,0.029827003380393718,122,121
1.00,188,pickup,Brooklyn,Prospect-Lefferts Gardens,Boro Zone,39741,0.030408786729666386,0.029371450949676914,123,124
1.00,212,pickup,Bronx,Soundview/Bruckner,Boro Zone,9403,0.03028445043890345,0.028951939779965255,124,128
1.00,60,pickup,Bronx,Crotona Park East,Boro Zone,7556,0.030280800194473788,0.028851702250432775,125,129
1.00,126,pickup,Bronx,Hunts Point,Boro Zone,10027,0.030250318559507,0.02913187026607108,126,127
1.00,257,pickup,Brooklyn,Windsor Terrace,Boro Zone,20380,0.030233216630753984,0.02917720287881735,127,126
1.00,173,pickup,Queens,North Corona,Boro Zone,7583,0.030188064568378675,0.029785544082605243,128,122
1.00,133,pickup,Brooklyn,Kensington,Boro Zone,14531,0.03015790969070708,0.029205607476635514,129,125
1.00,227,pickup,Brooklyn,Sunset Park East,Boro Zone,14494,0.029767033797921085,0.02840371141829199,130,134
1.00,177,pickup,Brooklyn,Ocean Hill,Boro Zone,14476,0.029726108368613717,0.02883783550630291,131,130
1.00,228,pickup,Brooklyn,Sunset Park West,Boro Zone,45069,0.029605709112569354,0.02862595419847328,132,132
1.00,248,pickup,Bronx,West Farms/Bronx River,Boro Zone,9621,0.029592838135239833,0.028735632183908046,133,131
1.00,78,pickup,Bronx,East Tremont,Boro Zone,13444,0.02954094374417573,0.028333962976955045,134,135
1.00,111,pickup,Brooklyn,Green-Wood Cemetery,Boro Zone,302,0.029324058873388473,0.02841883696454841,135,133
1.00,241,pickup,Bronx,Van Cortlandt Village,Boro Zone,14797,0.028569505429820587,0.027767493520918177,136,138
1.00,89,pickup,Brooklyn,Flatbush/Ditmas Park,Boro Zone,46229,0.028533439352694003,0.027362276541408246,137,141
1.00,85,pickup,Brooklyn,Erasmus,Boro Zone,14458,0.028473132185630724,0.02751283932501834,138,140
1.00,95,pickup,Queens,Forest Hills,Boro Zone,40194,0.02823826183499229,0.027757216876387863,139,139
1.00,102,pickup,Queens,Glendale,Boro Zone,8710,0.02821734178111048,0.027793218454697056,140,137
1.00,18,pickup,Bronx,Bedford Park,Boro Zone,11971,0.027799290190376465,0.02682403433476395,141,144
1.00,57,pickup,Queens,Corona,Boro Zone,731,0.02775233110850943,0.028222013170272814,142,136
1.00,59,pickup,Bronx,Crotona Park,Boro Zone,550,0.0277145360640919,0.02657455180680901,143,146
1.00,192,pickup,Queens,Queensboro Hill,Boro Zone,5167,0.02769368824721316,0.027357286157213206,144,142
1.00,220,pickup,Bronx,Spuyten Duyvil/Kingsbridge,Boro Zone,19313,0.027600767398523043,0.02706604114038253,145,143
1.00,250,pickup,Bronx,Westchester Village/Unionport,Boro Zone,7055,0.027557161543010678,0.026586316908897553,146,145
1.00,14,pickup,Brooklyn,Bay Ridge,Boro Zone,40288,0.027304104027047783,0.02612330198537095,147,149
1.00,213,pickup,Bronx,Soundview/Castle Hill,Boro Zone,13902,0.02715557560669532,0.02617344268016053,148,148
1.00,182,pickup,Bronx,Parkchester,Boro Zone,10308,0.027134132240874968,0.02633195842282455,149,147
1.00,35,pickup,Brooklyn,Brownsville,Boro Zone,11725,0.02678618772111317,0.025826446280991736,150,150
1.00,67,pickup,Brooklyn,Dyker Heights,Boro Zone,13024,0.02674711804075328,0.02579092159559835,151,151
1.00,199,pickup,Bronx,Rikers Island,Boro Zone,3,0.0263799310098872,0.025782055689240288,152,152
1.00,258,pickup,Queens,Woodhaven,Boro Zone,9794,0.025997528771203256,0.025534088192467344,153,153
1.00,71,pickup,Brooklyn,East Flatbush/Farragut,Boro Zone,12826,0.025989096131836423,0.02518045996306866,154,154
1.00,32,pickup,Bronx,Bronxdale,Boro Zone,6978,0.025618642569377768,0.024807740184521067,155,157
1.00,63,pickup,Brooklyn,Cypress Hills,Boro Zone,8564,0.025554768000149494,0.024826216484607744,156,156
1.00,72,pickup,Brooklyn,East Flatbush/Remsen Village,Boro Zone,9662,0.02551082881530364,0.024557956777996073,157,160
1.00,22,pickup,Brooklyn,Bensonhurst West,Boro Zone,14622,0.02527453539318855,0.024181847493148476,158,168
1.00,200,pickup,Bronx,Riverdale/North Riverdale/Fieldston,Boro Zone,18731,0.025266270338915025,0.02495425054067543,159,155
1.00,174,pickup,Bronx,Norwood,Boro Zone,10427,0.025198918463237588,0.024634586960091968,160,159
1.00,26,pickup,Brooklyn,Borough Park,Boro Zone,13828,0.025023171553305714,0.02436845113958287,161,164
1.00,77,pickup,Brooklyn,East New York/Pennsylvania Avenue,Boro Zone,5942,0.02501880703318801,0.023919630651303585,162,175
1.00,194,pickup,Manhattan,Randalls Island,Yellow Zone,6004,0.02499803232571942,0.02412933463096137,163,170
1.00,135,pickup,Queens,Kew Gardens Hills,Boro Zone,6779,0.02498096369391673,0.024650780608052588,164,158
1.00,73,pickup,Queens,East Flushing,Boro Zone,3428,0.024963056072217056,0.024495795051861398,165,161
1.00,242,pickup,Bronx,Van Nest/Morris Park,Boro Zone,8116,0.024841105131567322,0.024096385542168676,166,171
1.00,20,pickup,Bronx,Belmont,Boro Zone,12429,0.024754721275742575,0.024177949709864605,167,169
1.00,121,pickup,Queens,Hillcrest/Pomonok,Boro Zone,7397,0.024643986274667566,0.024213075060532687,168,167
1.00,96,pickup,Queens,Forest Park/Highland Park,Boro Zone,949,0.024580490031842945,0.02439421044072207,169,163
1.00,70,pickup,Queens,East Elmhurst,Boro Zone,16649,0.024578890010520174,0.023957834211787255,170,174
1.00,134,pickup,Queens,Kew Gardens,Boro Zone,6822,0.02457335383600262,0.024479804324564345,171,162
1.00,183,pickup,Bronx,Pelham Bay,Boro Zone,4348,0.024553355237417872,0.024301336732970157,172,165
1.00,28,pickup,Queens,Briarwood/Jamaica Hills,Boro Zone,8310,0.02450476913020859,0.024273808719480483,173,166
1.00,185,pickup,Bronx,Pelham Parkway,Boro Zone,10197,0.024500479329574883,0.023670506548840148,174,176
1.00,92,pickup,Queens,Flushing,Boro Zone,32004,0.024352281380302238,0.02406159769008662,175,173
1.00,11,pickup,Brooklyn,Bath Beach,Boro Zone,5015,0.02433741632815279,0.02352572145545797,176,178
1.00,197,pickup,Queens,Richmond Hill,Boro Zone,9145,0.024228290460636064,0.024077046548956663,177,172
1.00,254,pickup,Bronx,Williamsbridge/Olinville,Boro Zone,9783,0.023998519297265777,0.023180343069077423,178,182
1.00,21,pickup,Brooklyn,Bensonhurst East,Boro Zone,9501,0.023821068353623916,0.023045014595175908,179,185
1.00,130,pickup,Queens,Jamaica,Boro Zone,13922,0.023816357203135505,0.023386342944518267,180,179
1.00,240,pickup,Bronx,Van Cortlandt Park,Boro Zone,2349,0.02377928747105405,0.02328108024212323,181,180
1.00,178,pickup,Brooklyn,Ocean Parkway South,Boro Zone,4892,0.023752414299392764,0.02311070039136802,182,183
1.00,180,pickup,Queens,Ozone Park,Boro Zone,3424,0.023708998318647707,0.02360532038054399,183,177
1.00,171,pickup,Queens,Murray Hill-Queens,Boro Zone,6728,0.023588109727619683,0.023237800154918668,184,181
1.00,53,pickup,Queens,College Point,Boro Zone,5435,0.023424771173221486,0.02310536044362292,185,184
1.00,165,pickup,Brooklyn,Midwood,Boro Zone,11843,0.023420650024433165,0.022593764121102575,186,189
1.00,208,pickup,Bronx,Schuylerville/Edgewater Park,Boro Zone,10904,0.023399872709860617,0.022974421810384435,187,186
1.00,259,pickup,Bronx,Woodlawn/Wakefield,Boro Zone,7359,0.023232973596581042,0.022597167821633023,188,188
1.00,76,pickup,Brooklyn,East New York,Boro Zone,14963,0.02317661150497945,0.022418173666118667,189,190
1.00,3,pickup,Bronx,Allerton/Pelham Gardens,Boro Zone,4676,0.023136080971823236,0.022627847337456628,190,187
1.00,91,pickup,Brooklyn,Flatlands,Boro Zone,10238,0.02296174283965073,0.02221235201496042,191,193
1.00,98,pickup,Queens,Fresh Meadows,Boro Zone,2578,0.0227637569859186,0.022331398440465826,192,191
1.00,81,pickup,Bronx,Eastchester,Boro Zone,4870,0.022690924722857345,0.022237047042345824,193,192
1.00,9,pickup,Queens,Auburndale,Boro Zone,2931,0.022293060529552596,0.022000586682311526,194,194
1.00,131,pickup,Queens,Jamaica Estates,Boro Zone,4557,0.022099871088609967,0.021853146853146852,195,195
1.00,122,pickup,Queens,Hollis,Boro Zone,1707,0.022004288499929983,0.021673168617251843,196,197
1.00,31,pickup,Bronx,Bronx Park,Boro Zone,3712,0.021952053340371626,0.021493051021589753,197,201
1.00,58,pickup,Bronx,Country Club,Boro Zone,1324,0.02193601495258475,0.021765944584828383,198,196
1.00,108,pickup,Brooklyn,Gravesend,Boro Zone,4266,0.02187863334328612,0.021522347481457645,199,200
1.00,215,pickup,Queens,South Jamaica,Boro Zone,3326,0.021773444572217332,0.0215998273133541,200,198
1.00,51,pickup,Bronx,Co-Op City,Boro Zone,7105,0.021653724382058825,0.021234428086070217,201,203
1.00,6,pickup,Staten Island,Arrochar/Fort Wadsworth,Boro Zone,2011,0.0216492990776192,0.02105854274884178,202,204
1.00,149,pickup,Brooklyn,Madison,Boro Zone,6295,0.021511477541785597,0.021014289717007566,203,206
1.00,175,pickup,Queens,Oakland Gardens,Boro Zone,2813,0.021488777217962985,0.02158273381294964,204,199
1.00,123,pickup,Brooklyn,Homecrest,Boro Zone,10119,0.021442583892237008,0.02102017937219731,205,205
1.00,16,pickup,Queens,Bayside,Boro Zone,5565,0.02131098768044188,0.021279614129663782,206,202
1.00,39,pickup,Brooklyn,Canarsie,Boro Zone,9706,0.021137857556521422,0.020426227370516047,207,210
1.00,252,pickup,Queens,Whitestone,Boro Zone,4485,0.021046297967337688,0.02085360767412762,208,207
1.00,216,pickup,Queens,South Ozone Park,Boro Zone,9693,0.021015680013496886,0.020830440216636575,209,208
1.00,221,pickup,Staten Island,Stapleton,Boro Zone,3308,0.020823455764483596,0.02051843709488682,210,209
1.00,93,pickup,Queens,Flushing Meadows-Corona Park,Boro Zone,8221,0.020716937261355216,0.02021018593371059,211,212
1.00,138,pickup,Queens,LaGuardia Airport,Airports,867230,0.02050794810052271,0.02021563342318059,212,211
1.00,191,pickup,Queens,Queens Village,Boro Zone,4419,0.020129527832484485,0.01996007984031936,213,213
1.00,115,pickup,Staten Island,Grymes Hill/Clifton,Boro Zone,1880,0.020093552422913868,0.019589919058865188,214,214
1.00,15,pickup,Queens,Bay Terrace/Fort Totten,Boro Zone,2760,0.019872014921430863,0.019538882375928098,215,215
1.00,205,pickup,Queens,Saint Albans,Boro Zone,4679,0.019754073374505056,0.01949317738791423,216,216
1.00,64,pickup,Queens,Douglaston,Boro Zone,2435,0.019730195867812553,0.01948811225152657,217,217
1.00,55,pickup,Brooklyn,Coney Island,Boro Zone,10903,0.01959755336387083,0.01931496265773886,218,219
1.00,210,pickup,Brooklyn,Sheepshead Bay,Boro Zone,6995,0.01949086158429406,0.019083969465648856,219,221
1.00,19,pickup,Queens,Bellerose,Boro Zone,1672,0.019480773907076396,0.01920491842620433,220,220
1.00,29,pickup,Brooklyn,Brighton Beach,Boro Zone,5894,0.019445919639978645,0.01905972045743329,221,222
1.00,184,pickup,Bronx,Pelham Bay Park,Boro Zone,1158,0.019410858704351355,0.018475181952894312,222,225
1.00,222,pickup,Brooklyn,Starrett City,Boro Zone,1905,0.01940746141470026,0.018894067262879455,223,223
1.00,265,pickup,N/A,Outside of NYC,N/A,152,0.019404108044144507,0.018170807972222064,224,230
1.00,124,pickup,Queens,Howard Beach,Boro Zone,3610,0.01932844016624151,0.019412450176302328,225,218
1.00,218,pickup,Queens,Springfield Gardens North,Boro Zone,2423,0.01900543650720678,0.018536826495304002,226,224
1.00,214,pickup,Staten Island,South Beach/Dongan Hills,Boro Zone,2286,0.018952486329677522,0.01834189315759765,227,226
1.00,155,pickup,Brooklyn,Marine Park/Mill Basin,Boro Zone,5924,0.018951239984343983,0.01826150501865316,228,227
1.00,10,pickup,Queens,Baisley Park,Boro Zone,6387,0.01887453345340526,0.018245955479868632,229,228
1.00,150,pickup,Brooklyn,Manhattan Beach,Boro Zone,3001,0.01848554585529531,0.01820830298616169,230,229
1.00,206,pickup,Staten Island,Saint George/New Brighton,Boro Zone,3033,0.018075218674915478,0.017644982943183153,231,233
1.00,101,pickup,Queens,Glen Oaks,Boro Zone,1910,0.018012163753131197,0.017791484060045784,232,231
1.00,219,pickup,Queens,Springfield Gardens South,Boro Zone,2218,0.01791747246871797,0.017459117100891743,233,234
1.00,245,pickup,Staten Island,West Brighton,Boro Zone,1927,0.0179008177014391,0.017341040462427744,234,236
1.00,253,pickup,Queens,Willets Point,Boro Zone,215,0.01786372138370013,0.017267180844940715,235,237
1.00,46,pickup,Bronx,City Island,Boro Zone,677,0.017782566165027797,0.017694939247375252,236,232
1.00,251,pickup,Staten Island,Westerleigh,Boro Zone,1941,0.017761949943801925,0.01741755689735253,237,235
1.00,156,pickup,Staten Island,Mariners Harbor,Boro Zone,1883,0.01728504490511096,0.016304347826086956,238,244
1.00,172,pickup,Staten Island,New Dorp/Midland Beach,Boro Zone,1419,0.01725988861063929,0.016795431642593214,239,241
1.00,139,pickup,Queens,Laurelton,Boro Zone,1843,0.017222410906530632,0.016808606006275213,240,239
1.00,203,pickup,Queens,Rosedale,Boro Zone,1631,0.017163172948157387,0.017084282460136675,241,238
1.00,187,pickup,Staten Island,Port Richmond,Boro Zone,1060,0.017109327505662207,0.01609615228898029,242,245
1.00,38,pickup,Queens,Cambria Heights,Boro Zone,2641,0.01693148769405554,0.01678040049222508,243,242
1.00,1,pickup,EWR,Newark Airport,EWR,1,0.016795431642593214,0.016795431642593214,244,240
1.00,2,pickup,Queens,Jamaica Bay,Boro Zone,12,0.01669337608746792,0.016053946805305537,245,247
1.00,154,pickup,Brooklyn,Marine Park/Floyd Bennett Field,Boro Zone,411,0.01655903152456329,0.016311439756415833,246,243
1.00,23,pickup,Staten Island,Bloomfield/Emerson Hill,Boro Zone,3145,0.016515309197060908,0.015807777426493835,247,248
1.00,118,pickup,Staten Island,Heartland Village/Todt Hill,Boro Zone,3158,0.016223087956212447,0.015305342560130842,248,250
1.00,30,pickup,Queens,Broad Channel,Boro Zone,122,0.016178186894363004,0.016090234599446335,249,246
1.00,176,pickup,Staten Island,Oakwood,Boro Zone,1203,0.01603728418696724,0.015589274579089587,250,249
1.00,117,pickup,Queens,Hammels/Arverne,Boro Zone,2767,0.014997745827723471,0.014892772041302621,251,251
1.00,132,pickup,Queens,JFK Airport,Airports,445811,0.01494253274796859,0.014771048744460858,252,252
1.00,86,pickup,Queens,Far Rockaway,Boro Zone,2325,0.014829535400901228,0.014403687343960053,253,253
1.00,110,pickup,Staten Island,Great Kills Park,Boro Zone,3,0.014450062197754484,0.013137151865475564,254,257
1.00,201,pickup,Queens,Rockaway Park,Boro Zone,1998,0.014274002098887389,0.014083845859874296,255,254
1.00,109,pickup,Staten Island,Great Kills,Boro Zone,1423,0.014197735801175906,0.013547687861271676,256,256
1.00,27,pickup,Queens,Breezy Point/Fort Tilden/Riis Beach,Boro Zone,315,0.013973686498790912,0.013865779256794232,257,255
1.00,5,pickup,Staten Island,Arden Heights,Boro Zone,600,0.012768869143226445,0.011905708002187421,258,258
1.00,204,pickup,Staten Island,Rossville/Woodrow,Boro Zone,768,0.012173498045710532,0.01121413990363888,259,260
1.00,84,pickup,Staten Island,Eltingville/Annadale/Prince's Bay,Boro Zone,1173,0.01182901568861908,0.011390386513782368,260,259
1.00,44,pickup,Staten Island,Charleston/Tottenville,Boro Zone,777,0.011431590236758793,0.01088850174216028,261,261
1.00,99,pickup,Staten Island,Freshkills Park,Boro Zone,31,0.010790469706296307,0.009367974019485385,262,262
