zone,direction,n_2024,n_2025,pct_volume_change,avg_total_cost_2024,avg_total_cost_2025,avg_base_fare_2024,avg_base_fare_2025,low_n_flag
1,dropoff,707024,689162,-0.02526364027246597,109.54665760994084,109.90776064264811,81.22854391081503,84.21988766066582,false
1,pickup,3,4,0.33333333333333326,83.06666666666666,67.31750000000001,77.29333333333334,58.4,true
2,dropoff,266,251,-0.05639097744360899,42.01853383458647,36.576135458167336,36.468233082706774,32.12681274900399,false
2,pickup,231,246,0.06493506493506485,34.02922077922078,36.664552845528455,29.709350649350647,32.038658536585366,false
3,dropoff,210010,221362,0.05405456883005577,20.630631493737454,20.729421761638378,17.98241302795111,18.105222983167796,false
3,pickup,220720,232846,0.054938383472272534,21.863825253714072,21.83834229490633,18.9577889633925,18.963617240579545,false
4,dropoff,271542,242158,-0.10821162103836612,27.556651052136548,30.662247540860072,21.96690836040101,23.422892491679033,false
4,pickup,321394,287870,-0.10430810780537281,30.098811023226958,33.8653688470463,24.01481872716974,26.088916420606502,false
5,dropoff,26663,26778,0.00431309305029437,29.724635262348627,30.30419598177616,24.443839402917924,25.052082679811782,false
5,pickup,29453,29258,-0.006620717753709315,29.651238583506046,30.29949723152648,24.910607408413398,25.825085446715427,false
6,dropoff,57620,61598,0.06903852828878865,25.798189517528677,25.835502776064228,20.283226830961446,20.332824604694977,false
6,pickup,54485,59094,0.08459208956593556,25.890630265210692,26.23991572748515,22.049220886482523,22.548331810336112,false
7,dropoff,958114,948991,-0.009521831431332783,23.72289680560209,24.06682851576261,20.118054469510014,20.336353126636194,false
7,pickup,976543,963673,-0.013179143161130669,24.55029247048413,24.66928581583546,20.75419876032044,20.83547538428431,false
8,dropoff,4467,5492,0.22946048802328178,23.700599955227204,23.23504734158775,20.1656122677412,19.869175163874715,false
8,pickup,4377,3905,-0.1078364176376514,25.682501713502372,25.543528809218927,21.71061686086361,21.64327272727272,false
9,dropoff,86393,89715,0.03845218941349415,24.548820506290824,24.78431455163556,21.36010035535284,21.611952293373456,false
9,pickup,85527,92062,0.07640861950027467,25.148820372513843,25.169431687340946,21.87260023150587,21.998936043101377,false
10,dropoff,274279,287750,0.0491142231085866,23.092920019394608,23.443662589051428,20.15428807892705,20.525899565595054,false
10,pickup,325502,337601,0.037170278523634304,23.644626822567684,24.130565430787016,20.527064472722284,21.032441076892503,false
11,dropoff,107766,114971,0.06685782157637843,23.98890419984003,23.9177744822604,20.95102741124291,20.915978725069785,false
11,pickup,108292,116283,0.07379123111587194,24.146730506408264,24.335763009209895,20.742997820706954,20.93994177996782,false
12,dropoff,18328,16727,-0.08735268441728505,36.299347446529936,40.440675554492806,29.521684308162378,31.878005021820996,false
12,pickup,11650,9687,-0.16849785407725326,41.0730660944206,45.29035098585735,33.299978540772514,35.801366780220924,false
13,dropoff,415290,388909,-0.0635242842351128,35.85267824893208,40.05442684535291,29.024393893423763,31.549943251506374,false
13,pickup,456005,437117,-0.04142059845835022,43.13690200765167,47.76951397452019,34.730569686735834,37.88040945559204,false
14,dropoff,550156,565264,0.027461301885283396,26.05778017507454,26.326847030763343,22.47414089821713,22.73597756092641,false
14,pickup,526200,549762,0.04477765108323828,26.761948042561773,26.802857145451565,22.543787267197676,22.57312187819376,false
15,dropoff,67652,72343,0.0693401525453794,28.872319665346005,29.039482741937558,24.86418805061194,25.09806988927752,false
15,pickup,69285,73071,0.05464386230785889,29.76575795626757,29.971511543567093,25.651218156888252,25.901999972629362,false
16,dropoff,186265,198195,0.06404853300405344,25.298827584354658,25.094392239964716,21.985945454057493,21.873767350336735,false
16,pickup,190249,206314,0.08444196815751992,26.555870779871572,26.465296344406013,23.11104873087379,23.140674845138907,false
17,dropoff,865715,838962,-0.030902779783185008,22.899446157223625,23.56302153136723,20.001092530452105,20.51318094264083,false
17,pickup,844876,816894,-0.03311965306151432,23.840297250719225,24.74329842060241,20.761853041156087,21.538318545612924,false
18,dropoff,433886,450805,0.03899411366119221,20.847454308270404,21.12137085879346,18.21526790447245,18.50806053615196,false
18,pickup,460060,483969,0.0519693083510846,21.47749739164108,21.943130964995483,18.68608588010257,19.163362033518624,false
19,dropoff,70272,72293,0.028759676684881663,28.190402578551733,27.74785567067342,24.70294996584701,24.37887278159712,false
19,pickup,85610,92870,0.08480317719892527,27.497605186309816,26.30940842037225,24.10422287115996,23.16172262302147,false
20,dropoff,290949,300127,0.031545047413807925,21.773659266742726,22.541684120387526,18.948271724597806,19.61505309419004,false
20,pickup,294359,306357,0.04075975254705999,23.426455178878903,24.181903432920762,20.191211242054827,20.87412267387392,false
21,dropoff,246707,261625,0.06046849096296425,22.69793483768075,22.53793670329546,19.904078562829756,19.79058167224074,false
21,pickup,250137,269362,0.07685788188072928,22.70396114928897,22.537675173185697,19.68286143193531,19.559386661815623,false
22,dropoff,322101,342064,0.061977454276764155,22.647592090676522,22.49551613148155,19.808600532131305,19.69725159619253,false
22,pickup,329130,353601,0.0743505605687722,22.728235347733264,22.61132711728461,19.58913730137044,19.514263421200724,false
23,dropoff,169022,175647,0.03919608098354055,26.312825312680154,26.646654084611995,21.6859888061909,21.999827608783455,false
23,pickup,149888,158183,0.05534132152006821,27.06019174316726,27.536028966449372,22.797316729824907,23.533254395225768,false
24,dropoff,133435,123770,-0.07243227039382472,27.282856821672677,28.173096388461847,22.572224528796866,23.154321160216522,false
24,pickup,146087,135284,-0.07394908513420084,30.106825111062996,31.583447340409,24.64511113240745,25.81279574820376,false
25,dropoff,530417,530371,-8.672421886934956e-05,29.789658796756694,30.907625284939183,25.89718233012897,26.714807653510253,false
25,pickup,591760,593101,0.0022661214005677,30.905025246718424,32.25654428166452,26.678384919561847,27.80871435050669,false
26,dropoff,532840,537460,0.00867052023121384,20.415008389004036,20.671179883148596,18.008650401621093,18.249484761656404,false
26,pickup,516929,523678,0.013055951591030901,21.20012558784116,21.326967525840523,18.41408887874336,18.560635161301175,false
27,dropoff,9862,8670,-0.12086797809774896,46.9093632123302,48.22099192618225,38.166272561346574,39.37297808535177,false
27,pickup,6619,5774,-0.12766278894092764,45.581775192627305,47.162687911326636,39.541729868560196,40.68118808451679,false
28,dropoff,231677,242656,0.04738925314122677,23.435590024040973,23.37568665106045,20.338764961562966,20.3647813365422,false
28,pickup,244516,253470,0.036619280537878884,24.042681583208136,23.972905629856417,20.828997284431274,20.885216988203695,false
29,dropoff,195706,213046,0.08860229119188978,23.03547704209276,22.821365151186903,20.26598218756712,20.12537893224926,false
29,pickup,183585,203630,0.10918648037693712,23.389510580928754,23.237499631683917,20.30633330609796,20.21959681775761,false
30,dropoff,5536,6066,0.0957369942196531,31.99132767341039,33.03121167161227,27.702707731213874,28.814101549620833,false
30,pickup,5752,5128,-0.1084840055632823,30.47992698191932,32.8156844773791,26.42104485396384,28.721109594383783,false
31,dropoff,46569,47484,0.019648263866520743,28.547861238162792,29.061426375200117,24.26056818913872,24.669940190379954,false
31,pickup,40754,42373,0.03972616184914357,29.820564852529884,30.913573737993612,25.13883078961573,26.056329974276082,false
32,dropoff,224048,225169,0.005003392130257911,21.483337454473016,21.786049545007458,18.7057530082839,19.00034272035659,false
32,pickup,243635,252063,0.034592730929464244,22.70064161553043,22.74749177784816,19.62168744228045,19.717463967341462,false
33,dropoff,469836,469828,-1.702721800800333e-05,31.723347593626617,33.34371052810487,27.4020063383819,28.562187396238386,false
33,pickup,485876,477295,-0.017660884670162802,34.43094664070197,36.01110832922849,29.539281154038957,30.773451890340162,false
34,dropoff,111781,96677,-0.13512135336058906,27.2231207450277,28.617522575172604,23.67911174528764,24.78098648075547,false
34,pickup,95606,83777,-0.12372654435914066,31.812754952617535,33.51820786134586,27.384759952304258,28.73438903278938,false
35,dropoff,576665,576922,0.00044566602793638666,20.468751233380033,20.883094629771435,18.10222437637074,18.515656258558355,false
35,pickup,616591,609658,-0.011244082382000364,20.992585928105193,21.540637144098778,18.504703328462085,19.036369325096857,false
36,dropoff,789592,788309,-0.0016248898165128756,24.158897050629772,24.609218174597697,20.91560619915105,21.276253030220094,false
36,pickup,812389,816879,0.005526908906939854,25.29730939242062,26.105467345837425,21.838579202819904,22.56959688032098,false
37,dropoff,1122497,1122776,0.00024855300281423354,24.398187781355798,25.04410214504803,21.123508748799146,21.62627420785585,false
37,pickup,1103651,1108890,0.0047469716423036434,25.364431862978563,26.461539467403785,21.908096291310255,22.865840371902998,false
38,dropoff,88930,101118,0.13705161362869678,26.06187698189552,25.938471290966696,22.82056628809179,22.761552245890904,false
38,pickup,115867,130145,0.12322749359179053,26.73000500573881,26.747519920088564,23.43496465775412,23.503731453378837,false
39,dropoff,700935,712689,0.016769029938582092,20.63302835498049,20.45258985335399,18.27874964154974,18.172165895642756,false
39,pickup,730465,743561,0.01792830594210537,21.528075677815483,21.32263792748372,18.99361571053967,18.880349493854204,false
40,dropoff,233247,236758,0.015052712360716258,28.944769021678475,29.757051504065743,24.563023275754965,25.11195592123596,false
40,pickup,233079,245781,0.054496544090201215,31.439803886234515,31.859545408308257,26.415354536444788,26.692213433910634,false
41,dropoff,605899,590177,-0.025948219092621017,25.06496487038123,25.39231610177638,21.087816038646274,21.325830810078873,false
41,pickup,662160,653196,-0.013537513591881156,26.697134076352107,27.007131825668207,22.281148861301705,22.599863823415642,false
42,dropoff,837022,803005,-0.040640508851619184,23.385515649530372,23.450834341005596,19.880854445880864,19.892296984452063,false
42,pickup,916210,896854,-0.021126161032950952,24.548350454592118,25.020225610859875,20.73652490149623,21.15977632925713,false
43,dropoff,210016,202586,-0.035378256894712745,34.27717697699,37.16622204890577,27.951986801005603,29.780740673096815,false
43,pickup,150322,143661,-0.04431154455103048,37.23478898630848,41.12582990512305,30.175384042255946,33.03361643034644,false
44,dropoff,40136,45133,0.12450169423958535,31.077746412198664,31.030111005251282,25.98955551126172,26.167901313894497,false
44,pickup,39680,45024,0.1346774193548388,32.72671849798399,32.85784603766898,27.509106854838702,28.052685678749103,false
45,dropoff,223679,214468,-0.04117954747651764,30.505345293923575,33.39175037767723,24.59164087822286,25.922299410634555,false
45,pickup,255645,245808,-0.03847914099630345,33.34153967415512,36.57536939399602,26.828945256116917,28.53371318264657,false
46,dropoff,21796,23014,0.05588181317672958,34.34671912277491,34.9310637003564,29.80595200954304,30.465124272182134,false
46,pickup,20033,20794,0.03798732092048129,38.68517995307749,40.13705155333274,33.346269655069165,34.811739924978355,false
47,dropoff,315627,321820,0.019621261805865764,19.551739616697922,19.967328537690545,17.159257858168097,17.572568703001604,false
47,pickup,333183,338047,0.014598583961366485,20.609239787142716,21.289222208744068,17.93882584045413,18.58349868509408,false
48,dropoff,810361,749673,-0.07489007985329998,33.899096871648105,37.58447355047455,26.922075050501675,28.886599424016175,false
48,pickup,994713,954408,-0.04051922514333284,39.106254306532385,42.903467908915175,30.5861338195032,32.85488339368515,false
49,dropoff,623875,617642,-0.00999078341013826,25.311621927468394,26.29326760485527,21.97867247445402,22.71898789266273,false
49,pickup,615416,615437,3.4123259713858545e-05,26.80892638474912,27.95610132312287,23.207730088265183,24.145962234964617,false
50,dropoff,489069,433982,-0.11263645825026736,31.634198201070173,34.76732071836819,25.271168792133427,26.78654990299169,false
50,pickup,591059,533955,-0.09661302847939035,34.591653134457566,37.95415875869726,27.27214174896213,29.1750625801803,false
51,dropoff,358635,363617,0.013891561057900015,22.99951287520418,23.207868636502237,20.122269075801256,20.350862280916317,false
51,pickup,381992,392876,0.028492743303524692,24.582055906927003,24.9419522190176,21.419126159710146,21.788810998890106,false
52,dropoff,139012,140535,0.0109558887002561,30.337105070064993,31.42395061728302,26.122371090265617,26.88347849290204,false
52,pickup,158830,156535,-0.014449411320279548,31.618221872441254,32.63303133484422,26.990287477176892,27.73368102980158,false
53,dropoff,149109,156116,0.0469924685967984,26.580290056266783,26.569079658714507,22.95250440952596,23.028885059827306,false
53,pickup,143125,150340,0.05041048034934503,27.70926525764117,27.847276040973053,23.901946969432267,24.085653119595563,false
54,dropoff,58172,58838,0.011448806986178894,28.17486488344905,29.024535844182324,24.016255758784265,24.607596961147546,false
54,pickup,57690,59711,0.03503206794938474,30.881651932743967,31.05875517073895,26.014210088403487,26.0297814473045,false
55,dropoff,277231,291645,0.051992742514365364,27.16179990693378,26.50781916370708,23.870410812643648,23.352050438032478,false
55,pickup,267492,282898,0.05759424580922046,28.087236739788796,27.483887196089608,24.358859218219834,23.919598335795943,false
56,dropoff,258203,268057,0.03816377036672702,22.652408569999956,22.151661101928575,19.555863874548397,19.172050459417097,false
56,pickup,290694,304951,0.04904469992500715,23.62883344685341,23.20034890851115,20.353744693733027,20.036593551095,false
57,dropoff,18720,19620,0.04807692307692313,23.017930555555594,22.417860346585126,19.813859508547022,19.394042813455666,false
57,pickup,20868,23041,0.10413072647115196,24.71061912976809,24.2327221040754,21.18495926777844,20.847874658217975,false
58,dropoff,31330,32595,0.04037663581232054,24.894649856367746,25.339873293449983,21.233975742100228,21.65369197729717,false
58,pickup,33100,33915,0.02462235649546818,26.310420241691922,26.855336576736057,22.396042900302117,22.899297361049676,false
59,dropoff,12561,13831,0.10110659979301007,21.747118859963383,21.66992625262095,18.966331502268943,18.936083435760228,false
59,pickup,11033,12353,0.11964107676969093,22.74726819541377,23.03438355055452,19.61016405329467,19.850046142637407,false
60,dropoff,206192,210559,0.021179289206176843,20.486169056024654,20.554808011055417,17.852269826181374,17.92461927535742,false
60,pickup,225297,232312,0.03113667736365766,21.463890420199956,21.70990947518758,18.53713666848647,18.731978933503076,false
61,dropoff,1402258,1382634,-0.013994571612356621,22.82524656662054,23.389289898856088,20.039933122150956,20.51077091261998,false
61,pickup,1343273,1300700,-0.03169348300754948,23.591711714606426,24.643792404101017,20.665054437930166,21.615228776812067,false
62,dropoff,366338,369108,0.007561323149659627,23.40465690154645,23.986880235591794,20.57058718997203,21.078039029227188,false
62,pickup,370166,368043,-0.005735264719071931,24.092628820580458,25.155684254282043,21.093129812030433,22.063937990941245,false
63,dropoff,306005,312876,0.022453881472525028,22.113727586148304,22.310912438152645,19.4321231679222,19.648854146690606,false
63,pickup,315878,323308,0.023521739405719888,22.66249773646647,23.14730773751123,19.839723690792262,20.33069886918968,false
64,dropoff,57097,60516,0.05988055414470117,31.940172863722996,31.42591760856628,27.682096432387016,27.279022407297248,false
64,pickup,63226,67819,0.07264416537500384,30.623892069718153,29.837870803167124,26.651893208490204,26.02221339152744,false
65,dropoff,435742,429483,-0.014364004387917628,30.62597732143926,32.02120794070591,26.486822775862617,27.48123723174144,false
65,pickup,488419,468157,-0.04148487261961553,31.298917343504897,32.87351514555732,26.88334802700127,28.157642478911853,false
66,dropoff,333757,341171,0.022213766303028848,31.90063495297079,33.349784536196175,27.439608128069093,28.34064712416924,false
66,pickup,377619,379179,0.004131148061935486,33.64543751770413,35.05859090297286,28.743310347201763,29.681948552002947,false
67,dropoff,175959,183670,0.043822708699185586,23.91799896566727,23.98200822126549,20.681244664950395,20.73364997005491,false
67,pickup,172553,181726,0.05316047822987713,24.817695200893848,24.69484933361119,21.044980035119654,20.93103557003388,false
68,dropoff,1090921,1023839,-0.0614911620548142,33.151912090805425,37.28791166385665,26.3142142281612,28.698327442108074,false
68,pickup,1135351,1045159,-0.07943975035033224,41.846886751337614,45.86199787784783,33.09566143862097,35.639433215424845,false
69,dropoff,502956,512049,0.018079116264643424,21.356197361196067,21.812559540195725,18.591984229236555,19.026994467326364,false
69,pickup,509412,516710,0.014326321327334357,22.379179171275155,23.045260436216616,19.339575255392415,19.99618594569488,false
70,dropoff,187700,200332,0.06729888119339367,25.323744326050992,25.235130583230823,21.584566435801843,21.517766258011683,false
70,pickup,239958,239940,-7.501312729729648e-05,26.983182932011818,27.35407893639933,22.70826311271138,23.149318371259554,false
71,dropoff,431216,425577,-0.013076973025119676,21.414530954320288,21.77575169710432,18.892925633557017,19.230031392673908,false
71,pickup,436441,430664,-0.01323661159240308,22.21855235873481,22.636025161142992,19.513807708258373,19.908670123344304,false
72,dropoff,488771,480525,-0.016870886366007753,20.297405451628293,20.53475625617438,17.969118851159156,18.221481296498574,false
72,pickup,509431,498217,-0.022012794666991242,21.015400652880857,21.591004923553104,18.541983291162005,19.102725940704527,false
73,dropoff,93330,97165,0.04109075324118727,23.297068573877386,23.498466114341436,20.245752812600475,20.472204394586534,false
73,pickup,98714,103178,0.045221549121705173,22.926359786858924,23.317455949911583,19.918163684988972,20.31161119618527,false
74,dropoff,684860,661470,-0.034152965569605453,23.13463493268577,23.538468456616478,19.328437038226586,19.61100772521801,false
74,pickup,713183,697410,-0.022116343210648592,24.792250348083492,25.326557233190115,20.66064219141466,21.09334688346867,false
75,dropoff,667526,621168,-0.06944748219545005,27.255713934738218,28.42597327936903,22.46075835248367,23.253700013522643,false
75,pickup,661584,615902,-0.06904943287624854,28.897418090519633,30.199222165213776,23.790877212870438,24.787237174095637,false
76,dropoff,1094841,1095146,0.00027857926402097277,20.299157640243816,20.477516303764027,17.959599476088624,18.168548723183335,false
76,pickup,1095441,1106017,0.009654559214051783,21.148797306293133,21.20643917770108,18.62509834851892,18.731192016035493,false
77,dropoff,295315,289986,-0.018045138242215986,21.176421075798736,21.569476560936142,18.686050082115823,19.078418923672096,false
77,pickup,298796,294033,-0.01594064177565968,21.8013590878045,22.309468086913952,19.15551202157998,19.65698112116663,false
78,dropoff,414122,425298,0.02698721632755574,20.295945397729636,20.66688688871967,17.726139422682056,18.07836295961894,false
78,pickup,440459,449654,0.020875949861394627,21.530714618156626,22.1326484141103,18.622659384868964,19.155276790598894,false
79,dropoff,1119252,990843,-0.11472751444714868,28.194324343410297,31.857168078099413,22.37525963768623,24.40553162307304,false
79,pickup,1367384,1211105,-0.11429049923064771,32.38848345455454,36.76439059372772,25.697214030586547,28.466033382737823,false
80,dropoff,791828,763771,-0.03543320013942419,25.165619528484648,25.584018468885546,21.518615608440474,21.81516754367463,false
80,pickup,829037,789013,-0.04827770051276359,28.067692443162848,28.1644775688124,23.87187767252852,24.016531780844826,false
81,dropoff,253229,259124,0.02327932424801271,20.998149935432938,20.74591172565922,18.336626452736528,18.18533134715425,false
81,pickup,276862,291852,0.05414249698405693,21.895561290461284,21.709691555993054,19.055855083037855,18.939548469772294,false
82,dropoff,653089,688677,0.05449180739531667,21.264579666779934,21.300670270673795,18.37547467496732,18.439182272676167,false
82,pickup,672409,714290,0.06228500808287807,22.162579843510642,22.012040683752193,19.120275100421857,19.05009802741162,false
83,dropoff,212150,231632,0.09183125147301441,21.353558425641225,21.44258768218444,18.25933132217771,18.355370760516532,false
83,pickup,213021,236714,0.11122377605963729,22.003009750211397,22.110766536832365,18.772837232009945,18.871776743242815,false
84,dropoff,41958,45724,0.08975642308975651,30.958944658944763,31.16057912693562,25.323460365127037,25.811376738693053,false
84,pickup,43785,48159,0.0998972250770811,30.570211944730037,31.25209410494414,25.604357428343008,26.760998774891508,false
85,dropoff,315453,317058,0.005087921180017219,23.873923310284265,24.065556617399064,20.904410260799512,21.100170284301285,false
85,pickup,315233,317188,0.0062017618713776645,24.291520875033733,24.185837074540306,21.18977166096204,21.13592957488926,false
86,dropoff,172583,193950,0.12380709571626403,27.113368813845117,26.810468986851394,23.819600134428146,23.635309564320604,false
86,pickup,209265,234390,0.12006307791556159,27.321953647288172,26.964739280685126,24.049163357465503,23.85518541746659,false
87,dropoff,578100,556072,-0.038104134232831655,36.719250354611006,41.00125717533224,29.63409167963968,32.241793346904984,false
87,pickup,618982,614184,-0.0077514370369412555,43.18005261865922,47.54421795423494,34.79921030013771,37.63991774451981,false
88,dropoff,260097,240275,-0.0762100293352096,38.17213035905482,42.17861933201308,30.963434872374556,33.32194922484656,false
88,pickup,264830,246369,-0.06970886984103009,45.54666314238903,50.53102898497484,36.89882154589721,40.23510149410025,false
89,dropoff,815723,817625,0.0023316738647800594,24.631799029818943,24.8246502125053,21.487892765068747,21.675136853691793,false
89,pickup,788042,797313,0.011764601379114392,25.412129277371754,25.265590263798394,21.972623121609967,21.89648728918218,false
90,dropoff,588400,550362,-0.06464649898028552,31.093997909585305,35.269191950024734,24.44831461590736,26.928372380360987,false
90,pickup,690197,655425,-0.0503798190951279,37.10092663399394,41.09722218408361,29.113105446705298,31.59239775718081,false
91,dropoff,456121,458327,0.004836435945724915,22.51422587426988,22.522343545106846,19.88239179954412,19.932785063938912,false
91,pickup,491040,491810,0.0015681003584229192,22.909227456006793,22.981351904185978,20.148978983381973,20.26631825298375,false
92,dropoff,492443,514422,0.04463257676522958,25.34063991161965,25.7197828630916,21.791242011765362,22.178974791124638,false
92,pickup,500175,529503,0.05863547758284593,27.208504943263204,27.699098834186305,23.222996511220746,23.754708283050277,false
93,dropoff,107488,108181,0.006447231318844837,33.23978899970167,34.11739131640421,28.282192244715663,29.111888409240006,false
93,pickup,72427,67286,-0.0709818161735265,42.87429812086598,45.253143298754175,36.37322517845552,38.54680156347531,false
94,dropoff,196423,192610,-0.019412186963848388,20.340688412252334,20.90446674627403,17.831004566675027,18.36300929339072,false
94,pickup,212700,212209,-0.0023084156088387653,21.126634790784284,21.722701299189993,18.384060554771935,18.996440348901242,false
95,dropoff,677901,705452,0.0406416276122914,24.58397249745824,24.425160733824992,21.142385584325794,21.074984860769703,false
95,pickup,656503,687086,0.04658470715289953,25.69185140052158,25.215687832380254,22.126442514351847,21.784887743309675,false
96,dropoff,17551,16756,-0.04529656429833062,25.484474388923733,25.761798161852468,22.13992422084212,22.465179637144917,false
96,pickup,14928,15036,0.007234726688102988,25.986722266881042,26.270261372705516,22.569815782422317,22.823697791965976,false
97,dropoff,635001,614947,-0.031581052628263606,26.465667518633012,26.75647514338367,23.08641132848624,23.197202165389733,false
97,pickup,661324,661950,0.0009465859397208565,28.057965913830717,29.290859490897763,24.321655119124635,25.305164408187846,false
98,dropoff,88789,93710,0.05542353219430329,25.442426088817022,25.393001280546166,22.225718951671908,22.264796713264353,false
98,pickup,87754,95985,0.09379629418601998,25.911539758871207,25.73896327551152,22.644127675091774,22.576241704433,false
99,dropoff,2620,2795,0.06679389312977091,25.120622137404546,25.6174311270125,21.130427480916023,21.73870483005367,false
99,pickup,2189,2494,0.139333028780265,24.468611238008197,27.554570970328776,20.94522156235724,23.847854851643955,false
100,dropoff,465825,437291,-0.06125476305479527,36.57198673321367,40.70843856836609,28.921376117640705,31.26557422860317,false
100,pickup,571458,535920,-0.06218829730268893,45.6806378421553,50.16459042394851,35.844185364453544,38.8311323518437,false
101,dropoff,61445,67633,0.10070795019936529,33.65147416388617,33.13111691038381,29.46060948816014,29.11117457454204,false
101,pickup,83889,94666,0.1284673795134046,31.173992537757947,29.941959203937696,27.395289608887932,26.38952136986872,false
102,dropoff,229364,237279,0.034508466891055356,21.912821236112695,22.331248530210143,19.170827331229006,19.567211341922295,false
102,pickup,233759,240109,0.02716472948635129,22.435878233564193,22.863119874722372,19.61057824511566,20.04647772469994,false
104,dropoff,1,2,1.0,69.66,98.595,46.66,77.075,true
105,dropoff,35,40,0.1428571428571428,42.84085714285714,41.52525,33.37828571428572,31.234500000000004,true
105,pickup,12,15,0.25,71.70916666666666,50.79066666666667,60.494166666666665,40.389333333333326,true
106,dropoff,188748,203780,0.07964057897302212,26.527697512025583,27.066364657963316,22.913261173628392,23.33443576405921,false
106,pickup,206046,218340,0.05966628811042196,27.273414140530537,27.766360630208485,23.327846742960304,23.728066593386362,false
107,dropoff,706153,633416,-0.10300458965691572,29.53453737362963,33.67471240069802,23.069003034752704,25.481159901234232,false
107,pickup,808267,727427,-0.10001645495857181,33.98059145060326,38.816545316580715,26.59607383451231,29.725108416377772,false
108,dropoff,137932,143879,0.04311544819186275,22.897481005132367,22.988631975478764,20.164302699881144,20.284929489362554,false
108,pickup,137685,147337,0.07010204452191604,23.340278389075873,23.181934544614833,20.279913062425138,20.217629787493884,false
109,dropoff,60926,64640,0.06095919640219272,28.206592259462226,28.359815903465368,23.260234382693774,23.58929115099017,false
109,pickup,65792,70655,0.0739147616731517,28.828522616731547,28.58409624230407,24.538804413910555,24.71701648857129,false
110,dropoff,363,373,0.02754820936639124,14.627272727272732,15.649061662198392,12.75112947658402,13.776809651474533,false
110,pickup,206,209,0.014563106796116498,26.545873786407768,28.403875598086127,23.156116504854374,24.873636363636365,false
111,dropoff,4510,4220,-0.06430155210643018,25.823073170731696,25.882125592417022,22.19910643015521,22.214109004739342,false
111,pickup,4074,3735,-0.08321060382916057,24.615827196858106,25.739563587684053,21.14129602356406,21.980575635876836,false
112,dropoff,936954,963861,0.028717525086610518,26.400938637334118,27.566155410381775,22.198237832380542,23.01062252752187,false
112,pickup,951577,984275,0.03436190660345928,28.529809043310923,29.688516623919355,23.801774885269676,24.689946915241947,false
113,dropoff,549348,495763,-0.09754290540786537,29.474116225050693,33.53437333967849,23.39564256172751,25.76900589596262,false
113,pickup,644649,582658,-0.09616240775988172,35.155993463110406,39.599515444739325,27.98675924417744,30.88589773074469,false
114,dropoff,589097,529171,-0.10172518277974596,28.660029451855188,32.342563462470586,22.92141591282921,24.98318949829095,false
114,pickup,669344,606422,-0.09400547401635029,34.62234474351202,39.591224477346806,27.711489204355065,31.07039747898369,false
115,dropoff,73740,78583,0.06567670192568476,24.484405071873987,23.69806930252084,19.603390154597275,19.07045887787435,false
115,pickup,81570,87364,0.07103101630501407,23.566000980752673,23.531663156448715,20.190156552654194,20.353282244402706,false
116,dropoff,434582,416968,-0.04053090095770184,25.063183702955897,25.309231020122468,21.236826237625824,21.41828147483744,false
116,pickup,458929,449924,-0.01962177155943512,26.07637625863165,26.78271034663155,21.851517838271196,22.477555809425542,false
117,dropoff,139531,148744,0.06602833778873518,29.40079107868412,29.592981700101472,24.761989450373104,24.95688155488615,false
117,pickup,157288,166518,0.05868216265703685,29.354707542850385,29.869139072051443,25.63928532373737,26.281895650920582,false
118,dropoff,106566,109365,0.026265412983503156,27.23977366139249,27.77543281671423,22.355200063810212,22.831684176839023,false
118,pickup,100770,104581,0.037818795276372,28.285692071052452,29.254468306862158,24.05157487347419,25.092149434409684,false
119,dropoff,326612,330319,0.011349858547756941,21.61899639327166,22.150962130544553,18.757350617858474,19.234887578371158,false
119,pickup,334914,341260,0.01894814788274002,23.206518210643456,24.331018167963432,19.96540123733262,21.024400076188208,false
120,dropoff,15249,13054,-0.1439438651714866,26.896174831136488,27.105625861804818,22.74790281329924,23.00118277922474,false
120,pickup,10355,9491,-0.08343795267986476,25.907079671656216,26.82107470234963,21.749298889425404,22.623353703508585,false
121,dropoff,217881,225660,0.035702975477439614,24.539728659221144,24.717634317113166,21.37247111955605,21.602846051581977,false
121,pickup,220476,230123,0.043755329378254215,25.680684655018037,25.616533810178677,22.344837896188267,22.36345689044551,false
122,dropoff,103819,112665,0.0852059834904979,22.18800181084351,21.818777881329353,19.474440516668462,19.240475835441345,false
122,pickup,116197,126238,0.08641359071232468,23.87575608664555,23.541021800091368,20.953717910100945,20.75684088784672,false
123,dropoff,292874,311791,0.06459091623018764,21.330753088356897,21.11564634642916,18.741715276876903,18.58642160934723,false
123,pickup,284957,303775,0.06603803380860973,22.079847029550493,21.75575327133414,19.17304842485025,18.938578224014407,false
124,dropoff,139361,148902,0.06846248233006369,23.685076958402394,24.087988744274128,20.8005334347486,21.225372191105453,false
124,pickup,148059,155886,0.052864060948675906,25.332000351210613,25.205028546501236,22.027428862818148,22.007287120074835,false
125,dropoff,308670,309058,0.0012570058638674553,33.240245958462886,37.59287645037166,26.82664674247572,29.50020481592463,false
125,pickup,362915,357928,-0.013741509719906841,39.32191469076181,44.33980378735183,31.464448149015638,34.92845482890434,false
126,dropoff,329447,338060,0.02614381068882099,21.420482050221327,21.26323383422875,18.633749070412012,18.517283352067604,false
126,pickup,307618,316433,0.028655670344388096,22.50256438179702,22.779327914596152,19.354735581142933,19.639677530472465,false
127,dropoff,361831,348972,-0.03553869071472593,23.672623904526482,23.524516035667904,20.480845090663806,20.37870353495406,false
127,pickup,366376,368029,0.004511758412123035,25.260685252306182,25.69047420175802,21.626593062864412,22.030026166416185,false
128,dropoff,34020,33847,-0.0050852439741329025,24.98084185773082,24.389194906491067,21.696210464432706,21.177797441427607,false
128,pickup,27986,29186,0.04287858214821694,28.115898306296113,27.701391420544216,24.034869934967475,23.762744809155084,false
129,dropoff,692684,705076,0.017889831438289372,22.011361169015988,22.106777978540247,18.87649701739879,18.984299990355304,false
129,pickup,761561,773205,0.01528964849828185,23.086835250224535,22.985876927850303,19.692959014444668,19.662002457304038,false
130,dropoff,756815,807211,0.06658958926554037,21.682199903541765,22.061020897879715,19.067519829813147,19.473456642686635,false
130,pickup,734112,798353,0.08750844557778659,23.33601955831875,23.51795616725837,20.41609189061025,20.648223029160945,false
131,dropoff,149025,157730,0.05841301795000842,23.608622781411796,23.69776104735863,20.551437409830523,20.704316363405777,false
131,pickup,152878,160316,0.048653174426666945,25.54636736482604,25.583049976296046,22.250998312379778,22.398548741235956,false
132,dropoff,2179401,2154898,-0.011242997502524776,73.17033008152562,78.22776958816239,60.112335990484205,64.53833429238745,false
132,pickup,1820655,1751252,-0.038119797545388856,84.8806550499797,87.82611383170612,69.94827436279726,72.88344857279213,false
133,dropoff,196240,194580,-0.00845902975947821,24.742396504279434,24.59508269092293,21.44392300244597,21.322216260663907,false
133,pickup,190487,191950,0.007680314142172406,25.591848315107036,25.37544845011613,21.929134691606226,21.73086642354776,false
134,dropoff,216967,230635,0.06299575511483324,23.693707153621336,23.92762200012904,20.54314471786033,20.83901493702167,false
134,pickup,216503,233206,0.0771490464335367,24.415788649578747,24.409195432363333,21.093062359413043,21.184210697837855,false
135,dropoff,175224,178641,0.019500753321462838,24.699469136646997,24.85928963675661,21.415409076382208,21.62233289110556,false
135,pickup,176222,183005,0.038491221300405165,25.743035319085102,25.780152946639824,22.251669768814317,22.3968285019535,false
136,dropoff,249403,256849,0.029855294443130287,20.83686848193388,21.519382866975267,18.270495102304377,18.91096375691551,false
136,pickup,260367,269439,0.03484312528085365,22.0497030345617,23.061796770325394,19.177377893511906,20.163634217763533,false
137,dropoff,552594,509670,-0.07767728205517976,29.258532285908316,32.74856613102435,22.583865459993945,24.334893950988096,false
137,pickup,558095,514126,-0.07878407797955544,32.14660151049166,35.98620266238183,24.84179489155054,26.953905073853658,false
138,dropoff,2153399,2188386,0.016247337349000412,58.54006666206662,63.08329453762218,45.681897716122386,49.36641300026492,false
138,pickup,1959565,2048995,0.045637679791178165,69.99906662960338,74.64014356794436,55.34682252438685,59.349389608075946,false
139,dropoff,152868,166354,0.08821990213779207,21.780967828452617,21.322166885075806,19.180680914252815,18.853279392139598,false
139,pickup,186565,203462,0.09056897060005897,22.96364500308109,22.62238359005535,20.184792002787177,19.985224317071406,false
140,dropoff,606716,586043,-0.03407360280592564,32.41022420704313,34.112730789379555,25.90037322239708,26.856813049554205,false
140,pickup,596075,566647,-0.04936962630541464,35.870961355534156,38.25752777302456,28.527412406156657,30.109268698148977,false
141,dropoff,567399,533861,-0.05910831707493314,31.160995014089977,33.42674477064095,24.895031186166786,26.292619539543107,false
141,pickup,667834,638284,-0.04424752258794851,34.98839120200773,37.42431069868906,27.8886400512698,29.505053095487327,false
142,dropoff,662153,602460,-0.09014985962458832,32.76721664026391,35.65740973674691,26.417149903420682,28.25491972911073,false
142,pickup,711400,643555,-0.09536828788304752,38.37189893168954,42.30249175284682,30.714846471745535,33.620061641973265,false
143,dropoff,397637,374607,-0.05791714553726135,31.91881245960096,34.40441625489779,25.653521905657396,27.130068017949565,false
143,pickup,521326,491618,-0.056985456317160454,34.19437181341052,37.154872421269076,27.129635065198883,29.13341195806486,false
144,dropoff,618330,564113,-0.08768295246874647,31.297268837029094,35.13091965616747,25.361817524622577,27.567519769975533,false
144,pickup,747048,675500,-0.09577430098199846,35.193967482683334,39.562311857887735,28.35928850622682,31.17026050333147,false
145,dropoff,804515,836167,0.03934295817977285,27.589498555032044,28.12938610349655,22.739035568013108,22.936294005862333,false
145,pickup,821800,853575,0.03866512533463129,29.157275456318896,29.522610350588845,23.997395339498745,24.117035433324336,false
146,dropoff,257691,266438,0.033943754341440036,27.05135076506126,27.64588046749903,22.834766367471197,23.09419741178051,false
146,pickup,248339,253383,0.020310945924723933,28.286677525478048,28.497082045754933,23.93944491199536,23.93948642963419,false
147,dropoff,197995,202585,0.023182403596050394,21.403618980276427,21.41775733642578,18.54085295083209,18.57470405015178,false
147,pickup,210838,215472,0.021978960149498628,22.452018326866227,22.79310355869805,19.272398523985284,19.624672672087293,false
148,dropoff,818516,761818,-0.06926926290994917,30.46328834134376,33.82223251485706,24.62759467133162,26.391843839342624,false
148,pickup,1060606,998806,-0.05826857475820424,34.2124920658689,38.471052676907874,27.55569904375385,30.22116136667229,false
149,dropoff,233821,243664,0.04209630443801027,21.673237989743118,21.544965321096797,19.07444788962508,18.994589598791702,false
149,pickup,235523,247875,0.05244498414167609,21.841838631470008,21.82735967725539,19.09717785524138,19.112683449319128,false
150,dropoff,121606,123729,0.01745802016347886,23.630497508346203,23.79718683574547,20.835811308652556,21.040436437698464,false
150,pickup,106150,108941,0.02629298162976923,25.220040131888524,25.098284300676173,21.981722656618004,21.95800157883622,false
151,dropoff,271379,248856,-0.08299463112473704,28.472773759204557,29.9295503021809,23.359202222721773,24.37396482303018,false
151,pickup,303624,276205,-0.09030577292967623,31.45251304244412,33.34299542006548,25.598081442837213,27.0564619032964,false
152,dropoff,238755,228018,-0.04497078595212667,24.223125547107827,24.803646422649713,20.546168247785438,20.968336052416884,false
152,pickup,231661,219426,-0.05281424149943237,26.425758673232526,27.368205909964004,22.14816317809221,22.913872011520905,false
153,dropoff,77724,77441,-0.0036410889815243763,20.604638850290833,20.87310649397616,18.019421414234987,18.31598649294303,false
153,pickup,95857,95179,-0.007073035876357436,20.381211283474393,20.864571491610477,17.82475958980566,18.315132014414942,false
154,dropoff,16005,11287,-0.29478288034989064,34.72331208997193,34.47650128466379,30.444044985941904,30.21635598476124,false
154,pickup,10921,8794,-0.1947623843970332,37.60989652962185,35.59294405276326,32.44981045691788,30.9202842847396,false
155,dropoff,286539,287942,0.004896366637700211,24.00393206509185,24.36615099568468,21.209970161129945,21.578348000638943,false
155,pickup,276773,278435,0.0060049210002419695,24.962308028599683,25.50920028013512,21.916574232313184,22.471239104279235,false
156,dropoff,114147,119628,0.048017030670976846,21.877618159040086,21.675078576921567,18.231260304694807,18.180831995853815,false
156,pickup,133889,142935,0.06756342940794235,22.460667642598892,22.131289117430498,19.019858987668837,19.02715171231674,false
157,dropoff,303147,322215,0.06290017714178275,22.239829521648833,22.700157565598495,19.14223508726793,19.536912837701415,false
157,pickup,319072,334788,0.049255340487413424,24.895519663271358,25.590419817911513,21.28600782895407,21.888977113875015,false
158,dropoff,551675,518910,-0.05939185208682651,30.926665718039377,35.35183474976294,24.817517469524436,27.551323774835993,false
158,pickup,623495,583693,-0.06383691930167845,37.28668630863272,42.22784893771491,29.86993215663295,33.24854224738023,false
159,dropoff,462814,471339,0.018419926795645747,20.414965623334886,20.852677839088834,17.777626260225293,18.187487668111388,false
159,pickup,450255,459912,0.02144784622047502,21.9447211469021,22.544059624445786,18.92961810529594,19.517815516881363,false
160,dropoff,216129,229958,0.06398493492312451,22.559342984975498,22.866196914217984,19.462908355658005,19.752552205185232,false
160,pickup,211662,224603,0.06113993064414025,23.558897676483074,23.859907970952083,20.325222760816843,20.619584555860683,false
161,dropoff,1062094,1033311,-0.027100237832056284,35.70160838872289,40.162430197695464,28.652424342854665,31.32228039767346,false
161,pickup,1183420,1166640,-0.014179243210356463,46.00945151342476,51.62712771721698,37.056336457048204,41.13149441130109,false
162,dropoff,827532,783159,-0.05362088716810953,34.080552764129216,38.750456267508454,26.972293288959943,29.777177942155056,false
162,pickup,806092,788254,-0.02212898775822114,43.52260560830196,48.69193148402249,34.80892584221117,38.418327404618594,false
163,dropoff,715244,689086,-0.03657213482392019,37.380289845148646,42.15872470200209,30.337835242238775,33.3765566852327,false
163,pickup,840935,815985,-0.029669356133351532,45.51475892905922,50.98353392526471,36.919973577029765,40.88917758292149,false
164,dropoff,898566,826662,-0.08002083319422282,34.40760682020865,39.22754255065124,26.99615342668155,29.95051541016797,false
164,pickup,1060566,986751,-0.06959962887741078,41.53673737420922,46.66737249824053,32.51855166015104,35.987003357483545,false
165,dropoff,295205,300542,0.01807896207720061,23.470609982890615,23.5514515109349,20.548706593723097,20.65585765051138,false
165,pickup,300889,310444,0.031755896692800434,24.277422670817256,24.069793908077592,21.047859709062337,20.96077469688567,false
166,dropoff,467368,453566,-0.029531332911110764,26.70933891494018,27.73851102154426,22.32012315776813,23.095476600979573,false
166,pickup,453837,426927,-0.05929441627720966,30.621603703525853,32.16324448910067,25.205968728860466,26.476679572854216,false
167,dropoff,351381,360269,0.02529448091957165,20.430159741133167,20.723920320647096,17.816442124076197,18.10064046587415,false
167,pickup,370838,378720,0.021254563987509467,21.55754100172931,22.209805713981243,18.66034570351482,19.259650480566098,false
168,dropoff,615472,661685,0.0750854628642732,22.556574141468882,22.90813359831007,19.39318417409709,19.700017243854642,false
168,pickup,612006,661065,0.08016097881393325,23.577606771823117,24.225881963193437,20.100059443861376,20.699826915658647,false
169,dropoff,444412,438414,-0.013496485243422729,20.415806121343028,20.8423389535885,17.8591501129581,18.273681771111345,false
169,pickup,474987,472125,-0.006025428064347027,20.921218117545028,21.665966301293395,18.15768284184617,18.869280720148154,false
170,dropoff,919961,853490,-0.07225414990418078,30.67727623236928,34.43192861076978,23.928157791471204,25.96505546637971,false
170,pickup,928682,879182,-0.053301345347492424,37.86259935048857,41.980210331886475,29.53381339360486,32.07612536425949,false
171,dropoff,186073,195038,0.04818001537031158,22.981102309307847,22.7657636460579,19.892942608546218,19.75226227709461,false
171,pickup,188048,199230,0.05946354122351738,23.89825581766264,23.9787505897696,20.631613258317028,20.797197761381234,false
172,dropoff,58128,63031,0.08434833470960634,25.959275564272023,26.026680998239044,21.34281826314342,21.4349967476321,false
172,pickup,60520,65854,0.08813615333773961,26.1204035029743,26.110991283748966,22.486831956378065,22.715093843957856,false
173,dropoff,213933,229795,0.07414470885744606,21.24389617309993,21.085346722077396,18.415758017697204,18.339801475227826,false
173,pickup,230876,250698,0.085855610804068,22.355685129678815,22.23390784928359,19.28329384604718,19.238748573981297,false
174,dropoff,407876,415951,0.019797683609724448,22.079252101125036,22.53464177270548,19.264727588776807,19.705873768785267,false
174,pickup,419747,433104,0.03182154964776407,22.886606431966296,23.12006271010762,19.846827017226982,20.119204140344976,false
175,dropoff,76547,80275,0.048702104589337214,28.85733392556189,28.32669486141368,25.10010829947618,24.739602740579237,false
175,pickup,77427,80808,0.043666937889883295,28.646254665684953,28.592452603702423,24.909083782143192,24.987805415305363,false
176,dropoff,30185,33187,0.09945337087957595,30.197635580586443,30.201318588604046,24.502798078515802,24.607049145749865,false
176,pickup,32891,36186,0.10017938037761098,30.00068681402218,29.712268556900515,25.489348149949812,25.625697507323267,false
177,dropoff,425882,412262,-0.03198068948675925,21.709979336995485,22.30161438599406,19.104380978768756,19.651792743449544,false
177,pickup,432164,419744,-0.028739089789987182,22.37439578493028,22.89494413261072,19.645297757332948,20.15806401044447,false
178,dropoff,98697,98802,0.0010638621234688728,22.11193166965539,22.263666120118867,19.281031642299197,19.404143539604412,false
178,pickup,103023,104775,0.017005911301359866,22.761695931976185,22.748846385110763,19.660178989157775,19.658239083750868,false
179,dropoff,365162,373264,0.022187412709975263,24.919984390485318,25.06653853572474,20.94855888619287,21.03215828475279,false
179,pickup,347529,354862,0.021100397376909497,25.901173254603066,25.827909130870168,21.805385248425456,21.73196893440259,false
180,dropoff,146454,153059,0.04509948516257656,21.174711445231384,21.087410541032657,18.614034167725013,18.59073873473622,false
180,pickup,167047,174015,0.04171281136446625,21.951176195920077,21.97475160187264,19.13895454572666,19.215143522110093,false
181,dropoff,977164,1002773,0.02620747387337241,27.726652752258744,28.472518446356926,23.931480263293157,24.509028833045484,false
181,pickup,980761,986184,0.005529379736755491,29.40213493400431,29.52029395123965,25.203261497960316,25.262773539217466,false
182,dropoff,227779,232653,0.021397933962305604,22.6061657571584,22.99077677915078,19.544996685383673,19.866053736680755,false
182,pickup,259591,268675,0.034993509019958235,23.655620341227955,23.81389403554362,20.302118871609593,20.437073899692876,false
183,dropoff,115020,118233,0.02793427230046941,22.841056598852038,23.528996473065558,19.736849852199594,20.328663232769145,false
183,pickup,129607,131484,0.014482242471471451,23.41778237286515,23.908167001307653,20.120615476015956,20.517312600772673,false
184,dropoff,29959,27177,-0.09286024233118595,22.608681531426342,24.109430768664748,19.739283020127495,20.959594142105487,false
184,pickup,24622,25264,0.026074242547315496,25.6039509381854,26.45683779290699,22.044110551539262,22.72168500633313,false
185,dropoff,300712,311341,0.03534611189443715,22.677649811112694,23.10725962850823,19.6481765942164,20.039614345685166,false
185,pickup,311764,325508,0.04408462811613911,23.759005882653273,24.17002473057265,20.44373757072666,20.830725542843744,false
186,dropoff,815224,730496,-0.10393217078986883,32.21791053747696,35.86283544331977,25.472896872515577,27.41558634133566,false
186,pickup,632983,612729,-0.03199769978024691,43.038701039369606,45.71774136690692,33.92850729008496,35.324908956488365,false
187,dropoff,62725,67292,0.07280988441610203,22.23522263850152,21.94778190572441,18.446118453567173,18.309288919931085,false
187,pickup,71062,76413,0.07530044186766482,23.02538600095696,22.645853977726276,19.476847260139046,19.489154724981404,false
188,dropoff,789617,784472,-0.006515817161991233,23.41141330543819,23.84652024546276,20.5338808941552,20.929516362597745,false
188,pickup,761748,755407,-0.00832427521962642,24.197387219917104,24.645467211713907,21.116400016802984,21.547860266054926,false
189,dropoff,375180,373607,-0.004192654192654244,26.437495148990582,27.249033690478363,23.073917319686483,23.701148586616412,false
189,pickup,374388,370831,-0.009500838702095171,28.144848659675308,28.95903619168423,24.44312993472018,25.155316033449125,false
190,dropoff,93798,82705,-0.1182647817650696,26.74824665771087,26.786987122906552,23.45111985330176,23.456620760534427,false
190,pickup,66361,61062,-0.07985111737315587,27.933303144919513,27.306710228947633,24.280319766127683,23.76222806327997,false
191,dropoff,226149,241593,0.06829125930249536,23.968618654072177,23.448731130453876,21.030755077404816,20.67003539009822,false
191,pickup,279371,305197,0.09244338173969391,24.678933747596,24.35263275851145,21.67713517151041,21.484287361933408,false
192,dropoff,120034,124912,0.04063848576236739,23.87273047636458,24.195435746765206,20.66429619941012,21.080258101703613,false
192,pickup,124945,131116,0.049389731481852106,24.552291168113424,24.605462109886933,21.231566209132026,21.383101147075855,false
193,dropoff,141512,160055,0.13103482390185994,24.54680451127749,24.750979725718455,20.865187404601734,20.88302614726182,false
193,pickup,141771,160202,0.13000543129412923,25.644505434820218,26.27064680840349,21.840212173152484,22.245227650091643,false
194,dropoff,37894,45584,0.2029345015041959,38.343005752889724,39.4016049491048,27.088411885786662,28.92948512636011,false
194,pickup,17229,24644,0.43037901213070984,51.934942828951286,53.41223218633338,33.62113645597541,34.4868535951956,false
195,dropoff,189782,208682,0.09958794827749728,29.64830437027634,30.156626206379784,25.215214878123287,25.579180954754015,false
195,pickup,183539,201733,0.09912879551484965,33.549620625587934,34.41388617628082,28.25285879295404,28.955545547827974,false
196,dropoff,226929,244900,0.0791921702382683,23.685231592258983,23.70046096365747,20.362448695406982,20.43066047366264,false
196,pickup,243064,260545,0.07191932988842442,24.088629332191243,23.95171893530747,20.737402453674733,20.677321460784015,false
197,dropoff,392385,409773,0.044313620551244215,21.868319405681792,21.800391143385927,19.18555349975124,19.19673114138801,false
197,pickup,430822,445356,0.03373551025713639,22.383869161738236,22.269304197087767,19.55163580318558,19.543897668381973,false
198,dropoff,639771,652683,0.020182221451112925,23.736734784788368,24.38731966360027,20.537205969010525,21.09152386380492,false
198,pickup,613577,637231,0.03855098871046336,24.383257553649873,25.077672429618094,21.107795207446976,21.745099077100477,false
199,dropoff,3,1,-0.6666666666666667,85.60666666666668,84.19999999999999,76.78333333333335,75.6,true
199,pickup,31,36,0.16129032258064524,59.38903225806452,61.70972222222221,49.52870967741936,50.70805555555556,true
200,dropoff,192118,199748,0.03971517504866795,30.42997334971103,30.695705288662683,25.475059494685613,25.804415513546957,false
200,pickup,201498,213023,0.05719659748483852,32.13346603936396,32.33779122442041,26.729082075256443,27.042104843138937,false
201,dropoff,68233,67008,-0.0179531898055193,35.169532923951515,35.94332064828064,28.815490012164197,29.480955259073557,false
201,pickup,66228,66131,-0.0014646373135229762,33.560901582412214,34.781038393491606,29.09302153167851,30.275691884290232,false
202,dropoff,82469,75101,-0.08934266209121,32.84152602796164,34.93764477170718,27.529821266172732,29.088537968868604,false
202,pickup,70708,67642,-0.04336143010691862,36.638973383492434,38.80973256260874,30.634641907563477,32.349598326483566,false
203,dropoff,141203,148094,0.04880207927593605,23.6523769325008,22.711247721041467,20.82462773453816,20.070880791929397,false
203,pickup,188142,204794,0.0885076165874712,23.319702193023403,22.48916613767901,20.537885373813328,19.88351611863623,false
204,dropoff,23812,26070,0.09482613808163953,33.48685452712929,34.080107786728085,27.26047413069042,27.94832259301882,false
204,pickup,25375,27300,0.07586206896551717,33.27663014778332,34.08191758241768,27.595640985221674,28.900443589743603,false
205,dropoff,351589,372975,0.06082670390711886,21.337208473527173,21.132204490915285,18.77661445608362,18.68426854346802,false
205,pickup,410200,434848,0.06008776206728417,22.933731374935803,22.71134929906198,20.138233593369076,20.04090974317457,false
206,dropoff,218289,223749,0.025012712504981938,21.486685220051164,21.770784092888697,18.04369601766468,18.31115763645865,false
206,pickup,205715,211745,0.02931239822083942,22.43247779695098,22.497137311387764,19.36202970128576,19.61633719804473,false
207,dropoff,17318,18878,0.09007968587596715,18.476243215151886,18.06301938764702,16.099174269546175,15.774787053713299,false
207,pickup,15470,16856,0.08959276018099538,18.075754363283895,17.596295087802602,15.745158371040766,15.289514119601321,false
208,dropoff,326927,329524,0.00794366938184976,23.417842423535106,23.643208931668937,20.213772493553577,20.432908923174033,false
208,pickup,326825,334581,0.023731354700527785,25.1127054233896,25.351056007361795,21.495932502103706,21.73930007980114,false
209,dropoff,210703,188048,-0.10752101298984829,35.44829608500819,39.44599315068366,28.67031651186734,31.025922370884096,false
209,pickup,236182,212277,-0.10121431777188783,40.25266925506317,44.53473659416474,32.508781151823605,35.260308935965696,false
210,dropoff,303308,318070,0.048669998813087645,22.22072421432756,21.918284402802453,19.583351246917506,19.364889804131078,false
210,pickup,306849,323044,0.05277840240639531,22.409911357050373,22.027205179478056,19.580915075493323,19.309168565272774,false
211,dropoff,529851,500139,-0.056076142160720654,31.94504749448313,35.96386340597178,25.880174520761297,28.25965419613361,false
211,pickup,583829,554686,-0.04991701337206611,36.951682478944285,41.425659922912835,29.822869367571375,32.76502368907851,false
212,dropoff,242390,252484,0.04164363216304312,20.315884112379806,20.58106885980794,17.582893848756193,17.807076725653797,false
212,pickup,259712,270750,0.04250092410054207,21.450184512073886,21.59565975992506,18.37037302858549,18.453076786703487,false
213,dropoff,463587,478000,0.03109017293409866,21.253656918761962,21.399301841000423,18.492385183363478,18.646102405857608,false
213,pickup,475900,490463,0.030600966589619638,22.776880289972983,22.69468602116376,19.63348602647611,19.577402474804316,false
214,dropoff,82482,87606,0.0621226449407144,26.742570985184333,27.409455516745215,21.553798889454647,22.070109809830345,false
214,pickup,82106,86884,0.05819306749811215,27.012573867926687,27.27666221628822,23.213622877743475,23.64938780442896,false
215,dropoff,261840,268334,0.024801405438435786,20.656836465015527,20.557908166686577,18.17616162542019,18.160592023373763,false
215,pickup,316675,322546,0.01853951211810223,21.303360037892386,21.21860196684945,18.695003457803814,18.70737935054212,false
216,dropoff,529849,556132,0.0496046986971761,21.366494416328134,21.16130107599819,18.743333308168356,18.624180788014023,false
216,pickup,643670,681510,0.058787888203582606,21.49858884210057,21.180580930576767,18.53664863983034,18.302639433023206,false
217,dropoff,180323,187241,0.038364490386695094,19.14561708711521,19.1089994712689,16.81423589891472,16.750608787605202,false
217,pickup,170485,177737,0.0425374666392937,20.834607971375043,20.224647090925732,18.172460216441316,17.656567625198978,false
218,dropoff,168019,177851,0.058517191508103306,22.701561371034582,22.7463375522199,19.943984013712726,20.041697319666376,false
218,pickup,217389,218279,0.0040940433968599255,23.066703191052678,23.463927862963363,20.091680259810722,20.57095171775566,false
219,dropoff,148730,160084,0.07633967592281321,24.2720110939279,23.797997488817643,21.292214079203934,20.946153082131843,false
219,pickup,186498,196656,0.0544670720329441,24.032812362598076,23.675633746236205,20.988697787643797,20.78941095110232,false
220,dropoff,312049,327799,0.05047284240616068,23.81313534092113,24.030008694349995,20.244982166262403,20.496781411779725,false
220,pickup,345020,364665,0.056938728189670273,24.69012784765866,24.64402462533806,21.019421743667156,21.07132795853709,false
221,dropoff,116138,121435,0.045609533486025144,24.08126091374002,23.96483542635943,19.353321479619026,19.27144282949727,false
221,pickup,138960,146953,0.057520149683362165,22.537916090960795,22.947693344129835,19.37349589810016,19.873117323225745,false
222,dropoff,113902,120157,0.054915629225123386,22.57735930887921,22.88856812337161,19.951429737844798,20.295646695573293,false
222,pickup,121379,125244,0.03184241096070983,22.93981504214038,23.630891779246536,20.21016081859302,20.872039379131863,false
223,dropoff,512163,517765,0.010937924059332582,24.43865589665338,24.572202504991683,20.557789238972052,20.712010371500124,false
223,pickup,488160,496131,0.016328662733529953,25.62951743280215,25.627140291570633,21.37293397656468,21.44757304018453,false
224,dropoff,187122,163517,-0.12614764698966452,28.592001474972538,32.08920907306193,22.376200927737063,24.17766036558887,false
224,pickup,230755,201803,-0.12546640376156526,31.753978028643736,35.917236413728745,24.871654915386397,27.26821271239775,false
225,dropoff,860106,840867,-0.022368173225160604,23.91181445077851,24.50116032618726,20.86592810653621,21.313335259915963,false
225,pickup,817066,799314,-0.02172651903273415,24.730617575567933,25.96334359213062,21.552685021772938,22.620519445424176,false
226,dropoff,605797,631861,0.04302431342512425,23.86147605550794,24.309780014904906,20.392684826765258,20.655042105779405,false
226,pickup,595571,612875,0.029054470415785794,24.616276917438373,24.67735734040055,20.924806412669053,20.88574849683849,false
227,dropoff,251167,266137,0.059601778896112956,23.696429586688048,23.911638291555192,20.64505293290933,20.837979161108663,false
227,pickup,234204,250742,0.07061365305460199,24.79993104302104,24.95113889974423,21.19872909941769,21.31594918282528,false
228,dropoff,506993,526723,0.038915724674699614,26.37915140839868,27.017305889428663,22.795626961318447,23.303438676495723,false
228,pickup,481277,508267,0.05607997057827396,27.65579460476342,27.83811691492421,23.588104044032484,23.718276535757518,false
229,dropoff,480083,430644,-0.10298010968936622,30.53435957948712,34.02696568394943,24.16752269919971,25.98420154466372,false
229,pickup,608238,563656,-0.07329696599028668,35.65852999976964,39.49676300793563,28.383355972497366,30.6669601671946,false
230,dropoff,1077978,1015605,-0.057861106627407954,40.32524239828142,44.88903317728066,32.275891743616306,35.02121422206504,false
230,pickup,1237255,1186941,-0.040665828790346414,48.182440854973926,53.68568673591636,38.32097357456614,42.3147952931109,false
231,dropoff,991184,936307,-0.05536509871022943,34.10881693006552,37.9622547092015,27.655296594779383,29.87848357429826,false
231,pickup,1175240,1110945,-0.05470797454137022,39.35862143053107,43.82206104713884,31.742456919437636,34.70994546084678,false
232,dropoff,400060,360354,-0.09925011248312754,29.383761585757497,32.18390382789884,23.61879668049789,24.858031824261893,false
232,pickup,462287,424017,-0.08278407136692145,32.110779905118164,35.22288214859072,25.835071221989686,27.40782970965797,false
233,dropoff,525939,475067,-0.09672604617645775,31.34970846428809,35.30195307188108,24.412007190948046,26.60943835290627,false
233,pickup,579470,543453,-0.0621550727388821,36.04590726008147,39.55132165983195,28.16444437158071,30.1239370653952,false
234,dropoff,935532,920756,-0.01579422189727342,30.811433473153752,34.97901785055633,24.393641617817128,26.862664897106622,false
234,pickup,1060286,1041112,-0.01808380003131227,37.51274763602802,42.62268887498319,29.711789743521724,33.19863108868239,false
235,dropoff,397146,404146,0.017625759796145557,20.492777542764426,20.926989503790352,17.946094383425645,18.35193296481959,false
235,pickup,416726,425893,0.021997667532143383,21.78651363245603,22.514230499206516,18.91065935410807,19.595222086298588,false
236,dropoff,728809,680508,-0.06627387971334053,32.37883033826634,34.566692794209104,25.98323162858837,27.480885074091326,false
236,pickup,746262,695130,-0.06851749117602124,37.418250198997804,40.197790111208455,29.980305495924622,32.07629862040161,false
237,dropoff,790367,789661,-0.0008932559178204125,33.03020161520386,36.037079835530285,26.741020753649412,28.750255172789384,false
237,pickup,824504,826844,0.0028380699183994107,38.42487963673526,41.958202200181816,31.199726720549183,33.75158716759163,false
238,dropoff,479580,441922,-0.07852287418157555,30.96287664205973,32.736573128286054,24.7478672379997,25.97198200134844,false
238,pickup,531835,489730,-0.07916929122754235,34.844988351646876,37.2871148796265,27.607341243054343,29.498230453514967,false
239,dropoff,588122,541583,-0.07913154073474549,31.856125089692693,34.014904732975936,25.49117240980588,26.969952417265496,false
239,pickup,655132,599410,-0.08505461494782729,36.972780279397455,40.03315717122172,29.373026977769,31.758753924692375,false
240,dropoff,59215,58455,-0.01283458583129271,22.313716794731175,23.168357197844585,19.43124022629401,20.193091608929944,false
240,pickup,64547,72656,0.12562938633863707,23.20878135312266,22.9687398150187,20.191033665391103,20.04453204140062,false
241,dropoff,362266,372287,0.02766199422523785,21.720024788412022,22.036845175896428,18.952151816620827,19.270315213800036,false
241,pickup,376870,386475,0.025486241940191556,22.615792687131165,23.171752713626695,19.63079881656822,20.187291002005253,false
242,dropoff,388813,402963,0.036392816083824275,21.401060278330977,22.311096725998922,18.677147677675276,19.51043229775421,false
242,pickup,389274,402319,0.0335111001505366,22.196073665333373,23.039646921966494,19.262674131845568,20.024166494746623,false
243,dropoff,493167,477912,-0.03093272664229363,25.36710895091884,25.747380124369162,21.66916640813325,21.991512475099825,false
243,pickup,537892,546565,0.016124054642939534,27.119334903654394,27.986346271711913,22.73441436199053,23.520653774024847,false
244,dropoff,769281,730921,-0.04986474383222772,26.29541391247246,26.872404555347785,22.34743217367908,22.831094140132546,false
244,pickup,770876,761690,-0.011916313388923738,27.93047148957843,28.721805458914954,23.182595579574127,23.91402392049232,false
245,dropoff,72510,77527,0.06919045648876021,24.33424327678929,24.543350316663847,19.946959315956413,20.132541050214833,false
245,pickup,76434,81993,0.07272941361174357,24.858201978177302,24.75615040308305,21.325870554988693,21.421736123815485,false
246,dropoff,1057368,960654,-0.09146673627346391,31.058303268124646,35.20102752917129,24.83399836197017,27.268717592390658,false
246,pickup,1105899,1025671,-0.07254550370332191,39.00190266924455,43.382999197609756,31.082572947438823,33.952047440163724,false
247,dropoff,471308,497676,0.055946429935413766,21.024191950906932,21.735305560239837,18.29421703005248,18.936516790039974,false
247,pickup,501598,525436,0.04752411293505965,23.96780796573641,24.847714907234145,20.582236611788556,21.468114270814944,false
248,dropoff,222235,227488,0.023637140864400275,20.82894778050173,20.96267275636424,18.036920557068,18.153830224011774,false
248,pickup,244210,249410,0.02129314933868387,21.996316858440462,22.269657591915873,18.858476884648514,19.08198664849041,false
249,dropoff,824488,747373,-0.09353077303732737,28.768583278352434,32.49882278327172,22.918723462318066,25.02368949641002,false
249,pickup,968549,873671,-0.09795890553807807,35.09258828413463,39.509652100169916,27.921903610451903,30.799617613495773,false
250,dropoff,241360,255488,0.05853496851176665,21.083758244944395,21.42643537074042,18.310001118660995,18.605522725137664,false
250,pickup,240669,251266,0.04403142905816693,22.488300653593814,22.561488900208275,19.325095338410904,19.41502097378867,false
251,dropoff,67906,71322,0.05030483315170975,24.170273318999712,24.685769888673896,19.57640797573117,20.020048231962114,false
251,pickup,75936,81059,0.06746470712178687,23.625163558786372,23.876324899147477,20.048062710703732,20.466770623866633,false
252,dropoff,123132,132810,0.07859857713673124,26.451035149269995,26.237877192981784,22.732958694734073,22.6114923575032,false
252,pickup,120132,132104,0.09965704391835639,27.718879649052102,27.32562776297398,23.778662554523358,23.503427678192878,false
253,dropoff,4338,4809,0.10857538035961278,25.811491470723812,27.72736951549177,22.388414015675416,24.056425452276972,false
253,pickup,3680,3497,-0.049728260869565166,36.6698885869565,40.33043465827853,31.330244565217402,34.79865885044324,false
254,dropoff,412705,430465,0.04303315927841922,21.54397937994093,21.56835380344194,18.845954204576962,18.91179080761498,false
254,pickup,479701,503949,0.050548153954234065,22.242438727453145,22.161128130024796,19.35820356847278,19.36045568103125,false
255,dropoff,948686,927761,-0.022056823859527785,28.79208859412551,29.90224875803787,24.558072924023524,25.38740097934679,false
255,pickup,1042966,1015495,-0.026339305404011304,31.275986254596084,32.70376486345142,26.505335178712123,27.7093658560602,false
256,dropoff,801537,810107,0.010691958075547348,26.531320700106434,27.6040570319739,22.775188194681085,23.463903546074686,false
256,pickup,854558,848027,-0.0076425473753682915,29.13166770424483,30.375130202227528,24.896758347590385,25.85248977921668,false
257,dropoff,163241,169627,0.03912007400101691,27.87101855538628,28.73016612921177,23.757345274777762,24.44670671532234,false
257,pickup,146970,157455,0.07134109001837108,29.331407430086692,30.046703566097225,24.746672858406484,25.276645517766887,false
258,dropoff,293894,298957,0.017227299638645333,23.47344869238327,23.343123191627697,20.53382430400083,20.4842925905731,false
258,pickup,321434,329936,0.026450219951840825,23.970204396546148,23.925197523153344,20.907955941188646,20.951412395131157,false
259,dropoff,253933,266651,0.050084077295979634,23.233050056509796,23.068359691130663,20.24973524512382,20.169113747932624,false
259,pickup,322763,347244,0.0758482229995383,23.33104209590153,22.902899056568973,20.321696724841633,20.026965073550553,false
260,dropoff,435650,447334,0.02681969470905554,20.79241590726049,20.89154716609593,17.83780908986546,17.927838527811332,false
260,pickup,423379,444180,0.04913092052274681,22.13986980931634,22.03896033139316,18.91855245536517,18.84433313071271,false
261,dropoff,365192,351822,-0.03661087866108792,38.5765324815414,43.239286713165455,31.167262234660036,34.082346186423976,false
261,pickup,373289,363242,-0.026914803275746135,46.391547942743195,51.9409909096414,37.366859591362015,41.28468781143177,false
262,dropoff,312092,289157,-0.0734879458621176,32.62761919561736,34.12179342018063,25.858734892275386,26.732526412986598,false
262,pickup,371586,346085,-0.06862745098039214,34.80037089663703,36.66877151566369,27.384417335421634,28.60840334021993,false
263,dropoff,498273,473548,-0.049621392288966115,31.61370812787223,33.406111840824686,25.046507215923462,26.16471398886688,false
263,pickup,547335,524794,-0.04118318762732143,35.23964690728452,37.22603126179009,27.71549635963308,29.134097760264012,false
264,dropoff,,564,,,48.80070921985815,,43.896063829787245,true
264,pickup,,5,,,23.436,,19.216,true
265,dropoff,4128897,4487412,0.08683069594615711,86.29271934609675,85.34592461088783,69.87087427223176,70.41815176765637,false
265,pickup,4002,4127,0.031234382808595695,27.644372813593176,29.11179064695905,24.842718640679642,25.803518294160398,false
