denominator_floor,zone,direction,Borough,zone_name,service_zone,N_z,low_n_flag,DS_z,DS_z_median,DS_z_rank,DS_z_median_rank
1.00,137,dropoff,Manhattan,Kips Bay,Yellow Zone,174406,false,0.0476,0.0466,1,3
1.00,90,dropoff,Manhattan,Flatiron,Yellow Zone,219240,false,0.0473,0.0475,2,1
1.00,234,dropoff,Manhattan,Union Sq,Yellow Zone,372281,false,0.0471,0.0466,3,4
1.00,249,dropoff,Manhattan,West Village,Yellow Zone,263614,false,0.0467,0.0466,4,5
1.00,107,dropoff,Manhattan,Gramercy,Yellow Zone,284967,false,0.0464,0.0466,5,2
1.00,229,dropoff,Manhattan,Sutton Place/Turtle Bay North,Yellow Zone,310457,false,0.0462,0.0457,6,6
1.00,170,dropoff,Manhattan,Murray Hill,Yellow Zone,431771,false,0.0457,0.0455,7,8
1.00,162,dropoff,Manhattan,Midtown East,Yellow Zone,419119,false,0.0453,0.0455,8,7
1.00,113,dropoff,Manhattan,Greenwich Village North,Yellow Zone,195929,false,0.0451,0.0446,9,10
1.00,186,dropoff,Manhattan,Penn Station/Madison Sq West,Yellow Zone,319799,false,0.0451,0.0446,10,14
1.00,237,dropoff,Manhattan,Upper East Side South,Yellow Zone,366800,false,0.0451,0.0446,11,15
1.00,68,dropoff,Manhattan,East Chelsea,Yellow Zone,380723,false,0.0449,0.0446,12,9
1.00,161,dropoff,Manhattan,Midtown Center,Yellow Zone,574247,false,0.0448,0.0446,13,12
1.00,114,dropoff,Manhattan,Greenwich Village South,Yellow Zone,149550,false,0.0447,0.0446,14,11
1.00,50,dropoff,Manhattan,Clinton West,Yellow Zone,145306,false,0.0446,0.0436,15,17
1.00,246,dropoff,Manhattan,West Chelsea/Hudson Yards,Yellow Zone,289092,false,0.0444,0.0429,16,24
1.00,163,dropoff,Manhattan,Midtown North,Yellow Zone,379159,false,0.0443,0.0446,17,13
1.00,233,dropoff,Manhattan,UN/Turtle Bay South,Yellow Zone,213260,false,0.044,0.0439,18,16
1.00,79,dropoff,Manhattan,East Village,Yellow Zone,293131,false,0.0439,0.0436,19,18
1.00,142,dropoff,Manhattan,Lincoln Square East,Yellow Zone,242845,false,0.0438,0.0429,20,23
1.00,48,dropoff,Manhattan,Clinton East,Yellow Zone,345040,false,0.0433,0.0429,21,21
1.00,158,dropoff,Manhattan,Meatpacking/West Village West,Yellow Zone,158123,false,0.0433,0.0436,22,19
1.00,100,dropoff,Manhattan,Garment District,Yellow Zone,185507,false,0.0429,0.0429,23,22
1.00,141,dropoff,Manhattan,Lenox Hill West,Yellow Zone,212945,false,0.0426,0.0412,24,27
1.00,164,dropoff,Manhattan,Midtown South,Yellow Zone,309852,false,0.0426,0.0436,25,20
1.00,264,dropoff,Unknown,N/A,N/A,27900,false,0.0421,0.0412,26,28
1.00,143,dropoff,Manhattan,Lincoln Square West,Yellow Zone,138026,false,0.0419,0.0405,27,29
1.00,224,dropoff,Manhattan,Stuy Town/Peter Cooper Village,Yellow Zone,56138,false,0.0417,0.0419,28,25
1.00,125,dropoff,Manhattan,Hudson Sq,Yellow Zone,79728,false,0.0416,0.0412,29,26
1.00,211,dropoff,Manhattan,SoHo,Yellow Zone,129091,false,0.0415,0.0405,30,30
1.00,4,dropoff,Manhattan,Alphabet City,Yellow Zone,52913,false,0.0413,0.0403,31,31
1.00,43,dropoff,Manhattan,Central Park,Yellow Zone,94985,false,0.0405,0.0397,32,33
1.00,144,dropoff,Manhattan,Little Italy/NoLiTa,Yellow Zone,140960,false,0.0405,0.0391,33,34
1.00,140,dropoff,Manhattan,Lenox Hill East,Yellow Zone,154190,false,0.0402,0.0389,34,35
1.00,230,dropoff,Manhattan,Times Sq/Theatre District,Yellow Zone,462245,false,0.0398,0.0403,35,32
1.00,148,dropoff,Manhattan,Lower East Side,Yellow Zone,149376,false,0.0391,0.0377,36,36
1.00,231,dropoff,Manhattan,TriBeCa/Civic Center,Yellow Zone,236615,false,0.0389,0.0377,37,37
1.00,45,dropoff,Manhattan,Chinatown,Yellow Zone,38145,false,0.0381,0.0364,38,38
1.00,239,dropoff,Manhattan,Upper West Side South,Yellow Zone,176319,false,0.0368,0.0357,39,40
1.00,232,dropoff,Manhattan,Two Bridges/Seward Park,Yellow Zone,61199,false,0.0366,0.0352,40,41
1.00,236,dropoff,Manhattan,Upper East Side North,Yellow Zone,274543,false,0.0366,0.0362,41,39
1.00,263,dropoff,Manhattan,Yorkville West,Yellow Zone,130231,false,0.0352,0.0341,42,42
1.00,262,dropoff,Manhattan,Yorkville East,Yellow Zone,93943,false,0.0333,0.0325,43,43
1.00,209,dropoff,Manhattan,Seaport,Yellow Zone,36911,false,0.0332,0.0294,44,48
1.00,238,dropoff,Manhattan,Upper West Side North,Yellow Zone,111220,false,0.0324,0.0319,45,44
1.00,13,dropoff,Manhattan,Battery Park City,Yellow Zone,101545,false,0.0322,0.0294,46,47
1.00,87,dropoff,Manhattan,Financial District North,Yellow Zone,114293,false,0.0319,0.0286,47,49
1.00,261,dropoff,Manhattan,World Trade Center,Yellow Zone,67340,false,0.0319,0.0279,48,53
1.00,12,dropoff,Manhattan,Battery Park,Yellow Zone,7463,false,0.0317,0.0261,49,57
1.00,146,dropoff,Queens,Long Island City/Queens Plaza,Boro Zone,6080,false,0.0306,0.0298,50,46
1.00,88,dropoff,Manhattan,Financial District South,Yellow Zone,52076,false,0.0305,0.0261,51,58
1.00,75,dropoff,Manhattan,East Harlem South,Boro Zone,43245,false,0.0303,0.0298,52,45
1.00,145,dropoff,Queens,Long Island City/Hunters Point,Boro Zone,21747,false,0.0295,0.0285,53,51
1.00,151,dropoff,Manhattan,Manhattan Valley,Yellow Zone,38555,false,0.0291,0.0286,54,50
1.00,193,dropoff,Queens,Queensbridge/Ravenswood,Boro Zone,2605,false,0.0288,0.0279,55,52
1.00,66,dropoff,Brooklyn,DUMBO/Vinegar Hill,Boro Zone,16445,false,0.0281,0.0264,56,56
1.00,65,dropoff,Brooklyn,Downtown Brooklyn/MetroTech,Boro Zone,11603,false,0.0277,0.0259,57,59
1.00,24,dropoff,Manhattan,Bloomingdale,Yellow Zone,13844,false,0.0276,0.0272,58,54
1.00,226,dropoff,Queens,Sunnyside,Boro Zone,12061,false,0.0276,0.0268,59,55
1.00,256,dropoff,Brooklyn,Williamsburg (South Side),Boro Zone,21971,false,0.0272,0.0255,60,61
1.00,33,dropoff,Brooklyn,Brooklyn Heights,Boro Zone,26687,false,0.0263,0.0241,61,67
1.00,74,dropoff,Manhattan,East Harlem North,Boro Zone,16635,false,0.0259,0.0253,62,63
1.00,202,dropoff,Manhattan,Roosevelt Island,Boro Zone,4901,false,0.0259,0.0259,63,60
1.00,7,dropoff,Queens,Astoria,Boro Zone,18432,false,0.0255,0.0253,64,62
1.00,166,dropoff,Manhattan,Morningside Heights,Boro Zone,26309,false,0.0251,0.0244,65,65
1.00,41,dropoff,Manhattan,Central Harlem,Boro Zone,24641,false,0.025,0.0247,66,64
1.00,97,dropoff,Brooklyn,Fort Greene,Boro Zone,10687,false,0.0248,0.0241,67,68
1.00,25,dropoff,Brooklyn,Boerum Hill,Boro Zone,13285,false,0.0244,0.023,68,71
1.00,179,dropoff,Queens,Old Astoria,Boro Zone,6589,false,0.0242,0.0244,69,66
1.00,255,dropoff,Brooklyn,Williamsburg (North Side),Boro Zone,22761,false,0.0239,0.0226,70,74
1.00,80,dropoff,Brooklyn,East Williamsburg,Boro Zone,9430,false,0.0238,0.0226,71,72
1.00,52,dropoff,Brooklyn,Cobble Hill,Boro Zone,6721,false,0.0237,0.0221,72,75
1.00,112,dropoff,Brooklyn,Greenpoint,Boro Zone,22170,false,0.0237,0.0233,73,69
1.00,34,dropoff,Brooklyn,Brooklyn Navy Yard,Boro Zone,1067,false,0.0234,0.0219,74,76
1.00,260,dropoff,Queens,Woodside,Boro Zone,3565,false,0.0231,0.0231,75,70
1.00,152,dropoff,Manhattan,Manhattanville,Boro Zone,4858,false,0.0228,0.0226,76,73
1.00,217,dropoff,Brooklyn,South Williamsburg,Boro Zone,3435,false,0.0226,0.0212,77,79
1.00,49,dropoff,Brooklyn,Clinton Hill,Boro Zone,10286,false,0.0221,0.0217,78,77
1.00,54,dropoff,Brooklyn,Columbia Street,Boro Zone,2241,false,0.0219,0.0202,79,84
1.00,42,dropoff,Manhattan,Central Harlem North,Boro Zone,15240,false,0.0216,0.0212,80,78
1.00,40,dropoff,Brooklyn,Carroll Gardens,Boro Zone,8516,false,0.0215,0.0202,81,83
1.00,168,dropoff,Bronx,Mott Haven/Port Morris,Boro Zone,2078,false,0.021,0.0201,82,85
1.00,189,dropoff,Brooklyn,Prospect Heights,Boro Zone,6037,false,0.021,0.0204,83,81
1.00,17,dropoff,Brooklyn,Bedford,Boro Zone,6492,false,0.0204,0.0197,84,86
1.00,83,dropoff,Queens,Elmhurst/Maspeth,Boro Zone,952,false,0.0204,0.0196,85,87
1.00,37,dropoff,Brooklyn,Bushwick South,Boro Zone,6213,false,0.0203,0.0193,86,88
1.00,116,dropoff,Manhattan,Hamilton Heights,Boro Zone,9925,false,0.0203,0.0204,87,80
1.00,223,dropoff,Queens,Steinway,Boro Zone,7728,false,0.0203,0.0204,88,82
1.00,157,dropoff,Queens,Maspeth,Boro Zone,1539,false,0.0197,0.0193,89,89
1.00,159,dropoff,Bronx,Melrose South,Boro Zone,618,false,0.0197,0.0193,90,90
1.00,106,dropoff,Brooklyn,Gowanus,Boro Zone,2468,false,0.0192,0.018,91,96
1.00,36,dropoff,Brooklyn,Bushwick North,Boro Zone,3625,false,0.0191,0.0183,92,93
1.00,181,dropoff,Brooklyn,Park Slope,Boro Zone,20808,false,0.0191,0.018,93,97
1.00,129,dropoff,Queens,Jackson Heights,Boro Zone,6038,false,0.019,0.0186,94,91
1.00,225,dropoff,Brooklyn,Stuyvesant Heights,Boro Zone,4681,false,0.0189,0.0182,95,95
1.00,190,dropoff,Brooklyn,Prospect Park,Boro Zone,891,false,0.0187,0.0182,96,94
1.00,244,dropoff,Manhattan,Washington Heights South,Boro Zone,12542,false,0.0186,0.0185,97,92
1.00,195,dropoff,Brooklyn,Red Hook,Boro Zone,3416,false,0.0184,0.0171,98,104
1.00,61,dropoff,Brooklyn,Crown Heights North,Boro Zone,6518,false,0.0183,0.0177,99,99
1.00,62,dropoff,Brooklyn,Crown Heights South,Boro Zone,1727,false,0.018,0.0177,100,100
1.00,82,dropoff,Queens,Elmhurst,Boro Zone,1963,false,0.018,0.0179,101,98
1.00,120,dropoff,Manhattan,Highbridge Park,Boro Zone,148,false,0.0178,0.0173,102,101
1.00,198,dropoff,Queens,Ridgewood,Boro Zone,2458,false,0.0178,0.0172,103,102
1.00,160,dropoff,Queens,Middle Village,Boro Zone,1527,false,0.0173,0.0168,104,107
1.00,69,dropoff,Bronx,East Concourse/Concourse Village,Boro Zone,921,false,0.0172,0.0169,105,105
1.00,119,dropoff,Bronx,Highbridge,Boro Zone,663,false,0.0172,0.0165,106,109
1.00,194,dropoff,Manhattan,Randalls Island,Yellow Zone,583,false,0.0171,0.0171,107,103
1.00,247,dropoff,Bronx,West Concourse,Boro Zone,1730,false,0.017,0.0166,108,108
1.00,188,dropoff,Brooklyn,Prospect-Lefferts Gardens,Boro Zone,3276,false,0.0169,0.0164,109,110
1.00,243,dropoff,Manhattan,Washington Heights North,Boro Zone,9637,false,0.0169,0.0169,110,106
1.00,3,dropoff,Bronx,Allerton/Pelham Gardens,Boro Zone,134,false,0.0168,0.011,111,187
1.00,147,dropoff,Bronx,Longwood,Boro Zone,260,false,0.0168,0.0163,112,111
1.00,196,dropoff,Queens,Rego Park,Boro Zone,1307,false,0.0168,0.0163,113,112
1.00,218,dropoff,Queens,Springfield Gardens North,Boro Zone,153,false,0.0168,0.01,114,207
1.00,228,dropoff,Brooklyn,Sunset Park West,Boro Zone,3101,false,0.0167,0.0158,115,114
1.00,126,dropoff,Bronx,Hunts Point,Boro Zone,287,false,0.0164,0.0154,116,117
1.00,56,dropoff,Queens,Corona,Boro Zone,726,false,0.016,0.0157,117,115
1.00,167,dropoff,Bronx,Morrisania/Melrose,Boro Zone,316,false,0.016,0.015,118,121
1.00,257,dropoff,Brooklyn,Windsor Terrace,Boro Zone,3318,false,0.016,0.015,119,122
1.00,258,dropoff,Queens,Woodhaven,Boro Zone,361,false,0.016,0.013,120,149
1.00,127,dropoff,Manhattan,Inwood,Boro Zone,3302,false,0.0158,0.0159,121,113
1.00,235,dropoff,Bronx,University Heights/Morris Heights,Boro Zone,370,false,0.0157,0.0153,122,118
1.00,173,dropoff,Queens,North Corona,Boro Zone,543,false,0.0156,0.0152,123,119
1.00,128,dropoff,Manhattan,Inwood Hill Park,Boro Zone,300,false,0.0155,0.0155,124,116
1.00,133,dropoff,Brooklyn,Kensington,Boro Zone,1567,false,0.0155,0.0143,125,128
1.00,215,dropoff,Queens,South Jamaica,Boro Zone,147,false,0.0155,0.0105,126,197
1.00,177,dropoff,Brooklyn,Ocean Hill,Boro Zone,566,false,0.0154,0.0147,127,124
1.00,212,dropoff,Bronx,Soundview/Bruckner,Boro Zone,239,false,0.0154,0.0144,128,127
1.00,169,dropoff,Bronx,Mount Hope,Boro Zone,353,false,0.0153,0.0151,129,120
1.00,219,dropoff,Queens,Springfield Gardens South,Boro Zone,297,false,0.0153,0.0093,130,213
1.00,60,dropoff,Bronx,Crotona Park East,Boro Zone,122,false,0.0152,0.0138,131,134
1.00,139,dropoff,Queens,Laurelton,Boro Zone,100,false,0.0151,0.0095,132,211
1.00,47,dropoff,Bronx,Claremont/Bathgate,Boro Zone,222,false,0.015,0.0145,133,126
1.00,102,dropoff,Queens,Glendale,Boro Zone,474,false,0.015,0.0148,134,123
1.00,197,dropoff,Queens,Richmond Hill,Boro Zone,516,false,0.015,0.0123,135,163
1.00,95,dropoff,Queens,Forest Hills,Boro Zone,5199,false,0.0149,0.0146,136,125
1.00,227,dropoff,Brooklyn,Sunset Park East,Boro Zone,898,false,0.0148,0.0142,137,130
1.00,10,dropoff,Queens,Baisley Park,Boro Zone,934,false,0.0147,0.0099,138,208
1.00,85,dropoff,Brooklyn,Erasmus,Boro Zone,671,false,0.0147,0.0135,139,139
1.00,94,dropoff,Bronx,Fordham South,Boro Zone,180,false,0.0147,0.014,140,132
1.00,71,dropoff,Brooklyn,East Flatbush/Farragut,Boro Zone,564,false,0.0146,0.014,141,131
1.00,89,dropoff,Brooklyn,Flatbush/Ditmas Park,Boro Zone,3528,false,0.0146,0.0137,142,137
1.00,93,dropoff,Queens,Flushing Meadows-Corona Park,Boro Zone,837,false,0.0146,0.0128,143,150
1.00,70,dropoff,Queens,East Elmhurst,Boro Zone,1584,false,0.0145,0.0138,144,135
1.00,134,dropoff,Queens,Kew Gardens,Boro Zone,775,false,0.0144,0.013,145,148
1.00,136,dropoff,Bronx,Kingsbridge Heights,Boro Zone,316,false,0.0144,0.0142,146,129
1.00,35,dropoff,Brooklyn,Brownsville,Boro Zone,333,false,0.0143,0.0137,147,136
1.00,28,dropoff,Queens,Briarwood/Jamaica Hills,Boro Zone,536,false,0.0142,0.0124,148,157
1.00,78,dropoff,Bronx,East Tremont,Boro Zone,246,false,0.0141,0.0135,149,138
1.00,72,dropoff,Brooklyn,East Flatbush/Remsen Village,Boro Zone,348,false,0.0139,0.013,150,147
1.00,135,dropoff,Queens,Kew Gardens Hills,Boro Zone,499,false,0.0139,0.0132,151,144
1.00,250,dropoff,Bronx,Westchester Village/Unionport,Boro Zone,215,false,0.0139,0.0133,152,143
1.00,153,dropoff,Manhattan,Marble Hill,Boro Zone,185,false,0.0138,0.014,153,133
1.00,213,dropoff,Bronx,Soundview/Castle Hill,Boro Zone,322,false,0.0138,0.0133,154,141
1.00,248,dropoff,Bronx,West Farms/Bronx River,Boro Zone,161,false,0.0138,0.0133,155,142
1.00,216,dropoff,Queens,South Ozone Park,Boro Zone,959,false,0.0136,0.01,156,206
1.00,130,dropoff,Queens,Jamaica,Boro Zone,527,false,0.0135,0.0115,157,177
1.00,191,dropoff,Queens,Queens Village,Boro Zone,181,false,0.0135,0.0104,158,199
1.00,205,dropoff,Queens,Saint Albans,Boro Zone,173,false,0.0135,0.0102,159,202
1.00,220,dropoff,Bronx,Spuyten Duyvil/Kingsbridge,Boro Zone,1891,false,0.0135,0.0135,160,140
1.00,180,dropoff,Queens,Ozone Park,Boro Zone,153,false,0.0134,0.012,161,168
1.00,192,dropoff,Queens,Queensboro Hill,Boro Zone,231,false,0.0134,0.0127,162,151
1.00,182,dropoff,Bronx,Parkchester,Boro Zone,352,false,0.0133,0.0131,163,146
1.00,19,dropoff,Queens,Bellerose,Boro Zone,102,false,0.0132,0.0099,164,209
1.00,26,dropoff,Brooklyn,Borough Park,Boro Zone,962,false,0.0132,0.0125,165,155
1.00,63,dropoff,Brooklyn,Cypress Hills,Boro Zone,241,false,0.0132,0.0123,166,160
1.00,14,dropoff,Brooklyn,Bay Ridge,Boro Zone,4229,false,0.013,0.0124,167,156
1.00,92,dropoff,Queens,Flushing,Boro Zone,1270,false,0.013,0.0123,168,162
1.00,178,dropoff,Brooklyn,Ocean Parkway South,Boro Zone,314,false,0.013,0.0115,169,178
1.00,241,dropoff,Bronx,Van Cortlandt Village,Boro Zone,401,false,0.013,0.0132,170,145
1.00,121,dropoff,Queens,Hillcrest/Pomonok,Boro Zone,364,false,0.0129,0.0126,171,152
1.00,67,dropoff,Brooklyn,Dyker Heights,Boro Zone,757,false,0.0128,0.0123,172,161
1.00,98,dropoff,Queens,Fresh Meadows,Boro Zone,282,false,0.0128,0.0121,173,166
1.00,18,dropoff,Bronx,Bedford Park,Boro Zone,338,false,0.0127,0.0125,174,154
1.00,165,dropoff,Brooklyn,Midwood,Boro Zone,834,false,0.0127,0.0116,175,175
1.00,242,dropoff,Bronx,Van Nest/Morris Park,Boro Zone,278,false,0.0127,0.0124,176,158
1.00,76,dropoff,Brooklyn,East New York,Boro Zone,433,false,0.0125,0.0111,177,185
1.00,77,dropoff,Brooklyn,East New York/Pennsylvania Avenue,Boro Zone,154,false,0.0125,0.0112,178,183
1.00,200,dropoff,Bronx,Riverdale/North Riverdale/Fieldston,Boro Zone,1730,false,0.0125,0.0126,179,153
1.00,31,dropoff,Bronx,Bronx Park,Boro Zone,368,false,0.0123,0.0122,180,164
1.00,53,dropoff,Queens,College Point,Boro Zone,192,false,0.0123,0.0116,181,174
1.00,73,dropoff,Queens,East Flushing,Boro Zone,117,false,0.0123,0.012,182,167
1.00,138,dropoff,Queens,LaGuardia Airport,Airports,113415,false,0.0123,0.0122,183,165
1.00,20,dropoff,Bronx,Belmont,Boro Zone,445,false,0.0122,0.0123,184,159
1.00,32,dropoff,Bronx,Bronxdale,Boro Zone,163,false,0.0122,0.0118,185,171
1.00,91,dropoff,Brooklyn,Flatlands,Boro Zone,375,false,0.0122,0.0109,186,189
1.00,171,dropoff,Queens,Murray Hill-Queens,Boro Zone,410,false,0.0122,0.0116,187,176
1.00,22,dropoff,Brooklyn,Bensonhurst West,Boro Zone,632,false,0.0121,0.0117,188,173
1.00,39,dropoff,Brooklyn,Canarsie,Boro Zone,271,false,0.0121,0.0104,189,198
1.00,124,dropoff,Queens,Howard Beach,Boro Zone,263,false,0.0121,0.0105,190,196
1.00,208,dropoff,Bronx,Schuylerville/Edgewater Park,Boro Zone,327,false,0.0121,0.0119,191,170
1.00,38,dropoff,Queens,Cambria Heights,Boro Zone,148,false,0.012,0.0088,192,217
1.00,185,dropoff,Bronx,Pelham Parkway,Boro Zone,256,false,0.012,0.012,193,169
1.00,252,dropoff,Queens,Whitestone,Boro Zone,314,false,0.012,0.0115,194,180
1.00,11,dropoff,Brooklyn,Bath Beach,Boro Zone,231,false,0.0119,0.0111,195,184
1.00,131,dropoff,Queens,Jamaica Estates,Boro Zone,336,false,0.0119,0.0111,196,186
1.00,9,dropoff,Queens,Auburndale,Boro Zone,157,false,0.0118,0.0117,197,172
1.00,51,dropoff,Bronx,Co-Op City,Boro Zone,211,false,0.0118,0.0107,198,192
1.00,183,dropoff,Bronx,Pelham Bay,Boro Zone,117,false,0.0116,0.0115,199,179
1.00,259,dropoff,Bronx,Woodlawn/Wakefield,Boro Zone,231,false,0.0115,0.0115,200,181
1.00,174,dropoff,Bronx,Norwood,Boro Zone,236,false,0.0114,0.0113,201,182
1.00,21,dropoff,Brooklyn,Bensonhurst East,Boro Zone,394,false,0.0113,0.0109,202,188
1.00,123,dropoff,Brooklyn,Homecrest,Boro Zone,493,false,0.0112,0.0107,203,193
1.00,175,dropoff,Queens,Oakland Gardens,Boro Zone,164,false,0.0112,0.0109,204,190
1.00,149,dropoff,Brooklyn,Madison,Boro Zone,299,false,0.011,0.0108,205,191
1.00,254,dropoff,Bronx,Williamsbridge/Olinville,Boro Zone,195,false,0.011,0.0107,206,194
1.00,64,dropoff,Queens,Douglaston,Boro Zone,207,false,0.0109,0.0101,207,203
1.00,16,dropoff,Queens,Bayside,Boro Zone,326,false,0.0107,0.0106,208,195
1.00,108,dropoff,Brooklyn,Gravesend,Boro Zone,189,false,0.0106,0.01,209,204
1.00,15,dropoff,Queens,Bay Terrace/Fort Totten,Boro Zone,191,false,0.0105,0.0102,210,201
1.00,81,dropoff,Bronx,Eastchester,Boro Zone,112,false,0.0105,0.0103,211,200
1.00,55,dropoff,Brooklyn,Coney Island,Boro Zone,499,false,0.0104,0.0096,212,210
1.00,155,dropoff,Brooklyn,Marine Park/Mill Basin,Boro Zone,336,false,0.0102,0.01,213,205
1.00,265,dropoff,N/A,Outside of NYC,N/A,20041,false,0.0096,0.0078,214,218
1.00,29,dropoff,Brooklyn,Brighton Beach,Boro Zone,364,false,0.0095,0.009,215,214
1.00,132,dropoff,Queens,JFK Airport,Airports,93313,false,0.0095,0.0093,216,212
1.00,150,dropoff,Brooklyn,Manhattan Beach,Boro Zone,162,false,0.0095,0.0089,217,215
1.00,210,dropoff,Brooklyn,Sheepshead Bay,Boro Zone,331,false,0.0093,0.0089,218,216
1.00,206,dropoff,Staten Island,Saint George/New Brighton,Boro Zone,120,false,0.0078,0.0077,219,219
1.00,118,dropoff,Staten Island,Heartland Village/Todt Hill,Boro Zone,143,false,0.0076,0.0075,220,220
1.00,23,dropoff,Staten Island,Bloomfield/Emerson Hill,Boro Zone,100,false,0.0074,0.0072,221,221
1.00,201,dropoff,Queens,Rockaway Park,Boro Zone,215,false,0.0071,0.0068,222,222
1.00,1,dropoff,EWR,Newark Airport,EWR,30442,false,0.0067,0.0066,223,223
1.00,105,dropoff,Manhattan,Governor's Island/Ellis Island/Liberty Island,Yellow Zone,2,true,0.0276,0.0276,224,224
1.00,8,dropoff,Queens,Astoria Park,Boro Zone,80,true,0.023,0.0231,225,225
1.00,2,dropoff,Queens,Jamaica Bay,Boro Zone,3,true,0.0226,0.0074,226,249
1.00,86,dropoff,Queens,Far Rockaway,Boro Zone,74,true,0.021,0.0078,227,246
1.00,207,dropoff,Queens,Saint Michaels Cemetery/Woodside,Boro Zone,38,true,0.0187,0.0142,228,228
1.00,111,dropoff,Brooklyn,Green-Wood Cemetery,Boro Zone,48,true,0.0158,0.0145,229,227
1.00,203,dropoff,Queens,Rosedale,Boro Zone,65,true,0.0158,0.011,230,236
1.00,96,dropoff,Queens,Forest Park/Highland Park,Boro Zone,56,true,0.0151,0.0135,231,230
1.00,57,dropoff,Queens,Corona,Boro Zone,48,true,0.0149,0.0138,232,229
1.00,154,dropoff,Brooklyn,Marine Park/Floyd Bennett Field,Boro Zone,40,true,0.0137,0.0146,233,226
1.00,240,dropoff,Bronx,Van Cortlandt Park,Boro Zone,86,true,0.0131,0.0123,234,232
1.00,59,dropoff,Bronx,Crotona Park,Boro Zone,12,true,0.013,0.0128,235,231
1.00,253,dropoff,Queens,Willets Point,Boro Zone,38,true,0.0128,0.0122,236,233
1.00,122,dropoff,Queens,Hollis,Boro Zone,81,true,0.0127,0.0105,237,237
1.00,101,dropoff,Queens,Glen Oaks,Boro Zone,98,true,0.0121,0.0097,238,240
1.00,58,dropoff,Bronx,Country Club,Boro Zone,52,true,0.0117,0.0119,239,234
1.00,184,dropoff,Bronx,Pelham Bay Park,Boro Zone,25,true,0.0115,0.0116,240,235
1.00,222,dropoff,Brooklyn,Starrett City,Boro Zone,59,true,0.0113,0.0105,241,238
1.00,6,dropoff,Staten Island,Arrochar/Fort Wadsworth,Boro Zone,93,true,0.0102,0.009,242,241
1.00,46,dropoff,Bronx,City Island,Boro Zone,73,true,0.01,0.0101,243,239
1.00,214,dropoff,Staten Island,South Beach/Dongan Hills,Boro Zone,92,true,0.0095,0.0084,244,244
1.00,30,dropoff,Queens,Broad Channel,Boro Zone,20,true,0.0091,0.0085,245,243
1.00,221,dropoff,Staten Island,Stapleton,Boro Zone,92,true,0.0087,0.0086,246,242
1.00,115,dropoff,Staten Island,Grymes Hill/Clifton,Boro Zone,60,true,0.0086,0.0082,247,245
1.00,245,dropoff,Staten Island,West Brighton,Boro Zone,79,true,0.0078,0.0076,248,247
1.00,117,dropoff,Queens,Hammels/Arverne,Boro Zone,75,true,0.0077,0.0071,249,253
1.00,172,dropoff,Staten Island,New Dorp/Midland Beach,Boro Zone,62,true,0.0075,0.0074,250,250
1.00,176,dropoff,Staten Island,Oakwood,Boro Zone,41,true,0.0075,0.007,251,254
1.00,251,dropoff,Staten Island,Westerleigh,Boro Zone,94,true,0.0075,0.0075,252,248
1.00,187,dropoff,Staten Island,Port Richmond,Boro Zone,44,true,0.0074,0.0072,253,252
1.00,27,dropoff,Queens,Breezy Point/Fort Tilden/Riis Beach,Boro Zone,41,true,0.0073,0.0068,254,255
1.00,156,dropoff,Staten Island,Mariners Harbor,Boro Zone,39,true,0.0072,0.0073,255,251
1.00,109,dropoff,Staten Island,Great Kills,Boro Zone,41,true,0.0064,0.0067,256,256
1.00,5,dropoff,Staten Island,Arden Heights,Boro Zone,15,true,0.0058,0.006,257,258
1.00,204,dropoff,Staten Island,Rossville/Woodrow,Boro Zone,27,true,0.0058,0.0062,258,257
1.00,84,dropoff,Staten Island,Eltingville/Annadale/Prince's Bay,Boro Zone,53,true,0.0056,0.0057,259,259
1.00,44,dropoff,Staten Island,Charleston/Tottenville,Boro Zone,35,true,0.0054,0.0056,260,260
1.00,99,dropoff,Staten Island,Freshkills Park,Boro Zone,2,true,0.0046,0.0046,261,261
1.00,90,pickup,Manhattan,Flatiron,Yellow Zone,235158,false,0.0475,0.0466,1,1
1.00,50,pickup,Manhattan,Clinton West,Yellow Zone,75181,false,0.0463,0.0455,2,5
1.00,107,pickup,Manhattan,Gramercy,Yellow Zone,285732,false,0.0462,0.0457,3,3
1.00,137,pickup,Manhattan,Kips Bay,Yellow Zone,142690,false,0.0462,0.0455,4,6
1.00,229,pickup,Manhattan,Sutton Place/Turtle Bay North,Yellow Zone,254119,false,0.0462,0.0455,5,7
1.00,113,pickup,Manhattan,Greenwich Village North,Yellow Zone,213588,false,0.0461,0.0457,6,4
1.00,48,pickup,Manhattan,Clinton East,Yellow Zone,369419,false,0.0458,0.0457,7,2
1.00,234,pickup,Manhattan,Union Sq,Yellow Zone,421971,false,0.0455,0.0446,8,9
1.00,142,pickup,Manhattan,Lincoln Square East,Yellow Zone,288415,false,0.045,0.0446,9,8
1.00,249,pickup,Manhattan,West Village,Yellow Zone,327111,false,0.045,0.0446,10,10
1.00,224,pickup,Manhattan,Stuy Town/Peter Cooper Village,Yellow Zone,14113,false,0.0449,0.0439,11,16
1.00,79,pickup,Manhattan,East Village,Yellow Zone,328832,false,0.0448,0.0439,12,11
1.00,143,pickup,Manhattan,Lincoln Square West,Yellow Zone,75446,false,0.0447,0.0439,13,14
1.00,170,pickup,Manhattan,Murray Hill,Yellow Zone,423436,false,0.0446,0.0436,14,17
1.00,164,pickup,Manhattan,Midtown South,Yellow Zone,324764,false,0.0444,0.0439,15,15
1.00,237,pickup,Manhattan,Upper East Side South,Yellow Zone,410943,false,0.0444,0.0436,16,18
1.00,100,pickup,Manhattan,Garment District,Yellow Zone,225793,false,0.0441,0.0439,17,12
1.00,114,pickup,Manhattan,Greenwich Village South,Yellow Zone,215831,false,0.0441,0.0439,18,13
1.00,233,pickup,Manhattan,UN/Turtle Bay South,Yellow Zone,158873,false,0.0439,0.0429,19,22
1.00,141,pickup,Manhattan,Lenox Hill West,Yellow Zone,164648,false,0.0435,0.0421,20,23
1.00,162,pickup,Manhattan,Midtown East,Yellow Zone,537561,false,0.0435,0.0429,21,20
1.00,163,pickup,Manhattan,Midtown North,Yellow Zone,440386,false,0.0434,0.0429,22,21
1.00,125,pickup,Manhattan,Hudson Sq,Yellow Zone,74315,false,0.0433,0.0429,23,19
1.00,161,pickup,Manhattan,Midtown Center,Yellow Zone,741081,false,0.0424,0.0419,24,24
1.00,4,pickup,Manhattan,Alphabet City,Yellow Zone,18220,false,0.0423,0.0405,25,29
1.00,211,pickup,Manhattan,SoHo,Yellow Zone,119898,false,0.0423,0.0419,26,25
1.00,144,pickup,Manhattan,Little Italy/NoLiTa,Yellow Zone,149245,false,0.0422,0.0412,27,26
1.00,186,pickup,Manhattan,Penn Station/Madison Sq West,Yellow Zone,542141,false,0.0421,0.0412,28,27
1.00,68,pickup,Manhattan,East Chelsea,Yellow Zone,400958,false,0.0418,0.0397,29,32
1.00,246,pickup,Manhattan,West Chelsea/Hudson Yards,Yellow Zone,254390,false,0.0418,0.0403,30,31
1.00,158,pickup,Manhattan,Meatpacking/West Village West,Yellow Zone,137608,false,0.0415,0.0405,31,30
1.00,148,pickup,Manhattan,Lower East Side,Yellow Zone,150426,false,0.0412,0.0397,32,33
1.00,230,pickup,Manhattan,Times Sq/Theatre District,Yellow Zone,521808,false,0.0411,0.0412,33,28
1.00,231,pickup,Manhattan,TriBeCa/Civic Center,Yellow Zone,195047,false,0.0403,0.0389,34,34
1.00,43,pickup,Manhattan,Central Park,Yellow Zone,142100,false,0.04,0.0383,35,35
1.00,264,pickup,Unknown,N/A,N/A,21201,false,0.0386,0.0383,36,36
1.00,232,pickup,Manhattan,Two Bridges/Seward Park,Yellow Zone,13452,false,0.0385,0.0364,37,40
1.00,45,pickup,Manhattan,Chinatown,Yellow Zone,20694,false,0.0384,0.0364,38,39
1.00,140,pickup,Manhattan,Lenox Hill East,Yellow Zone,128517,false,0.0382,0.0369,39,37
1.00,239,pickup,Manhattan,Upper West Side South,Yellow Zone,133268,false,0.0372,0.0369,40,38
1.00,236,pickup,Manhattan,Upper East Side North,Yellow Zone,216354,false,0.0359,0.0357,41,41
1.00,263,pickup,Manhattan,Yorkville West,Yellow Zone,80178,false,0.0354,0.0346,42,43
1.00,209,pickup,Manhattan,Seaport,Yellow Zone,24361,false,0.0353,0.0321,43,46
1.00,146,pickup,Queens,Long Island City/Queens Plaza,Boro Zone,2218,false,0.0349,0.0346,44,42
1.00,262,pickup,Manhattan,Yorkville East,Yellow Zone,60344,false,0.0346,0.0341,45,44
1.00,261,pickup,Manhattan,World Trade Center,Yellow Zone,70922,false,0.034,0.0302,46,47
1.00,87,pickup,Manhattan,Financial District North,Yellow Zone,76409,false,0.0337,0.0298,47,49
1.00,13,pickup,Manhattan,Battery Park City,Yellow Zone,84889,false,0.0336,0.0301,48,48
1.00,238,pickup,Manhattan,Upper West Side North,Yellow Zone,62616,false,0.0327,0.0325,49,45
1.00,88,pickup,Manhattan,Financial District South,Yellow Zone,38828,false,0.0318,0.0275,50,54
1.00,12,pickup,Manhattan,Battery Park,Yellow Zone,5107,false,0.0317,0.0261,51,58
1.00,65,pickup,Brooklyn,Downtown Brooklyn/MetroTech,Boro Zone,2996,false,0.0312,0.0285,52,51
1.00,256,pickup,Brooklyn,Williamsburg (South Side),Boro Zone,1333,false,0.0291,0.0271,53,55
1.00,75,pickup,Manhattan,East Harlem South,Boro Zone,14708,false,0.0288,0.0282,54,53
1.00,151,pickup,Manhattan,Manhattan Valley,Yellow Zone,20049,false,0.0288,0.029,55,50
1.00,97,pickup,Brooklyn,Fort Greene,Boro Zone,1446,false,0.0284,0.0285,56,52
1.00,33,pickup,Brooklyn,Brooklyn Heights,Boro Zone,1884,false,0.0274,0.0253,57,60
1.00,66,pickup,Brooklyn,DUMBO/Vinegar Hill,Boro Zone,2683,false,0.027,0.0238,58,68
1.00,24,pickup,Manhattan,Bloomingdale,Yellow Zone,6113,false,0.0268,0.0268,59,57
1.00,7,pickup,Queens,Astoria,Boro Zone,1334,false,0.0264,0.0268,60,56
1.00,193,pickup,Queens,Queensbridge/Ravenswood,Boro Zone,364,false,0.026,0.0233,61,71
1.00,255,pickup,Brooklyn,Williamsburg (North Side),Boro Zone,1834,false,0.026,0.0247,62,61
1.00,25,pickup,Brooklyn,Boerum Hill,Boro Zone,986,false,0.0257,0.0246,63,62
1.00,179,pickup,Queens,Old Astoria,Boro Zone,428,false,0.0255,0.0244,64,64
1.00,74,pickup,Manhattan,East Harlem North,Boro Zone,2427,false,0.0254,0.0244,65,63
1.00,226,pickup,Queens,Sunnyside,Boro Zone,2318,false,0.0252,0.0255,66,59
1.00,41,pickup,Manhattan,Central Harlem,Boro Zone,3880,false,0.0247,0.0238,67,67
1.00,34,pickup,Brooklyn,Brooklyn Navy Yard,Boro Zone,210,false,0.0243,0.0238,68,66
1.00,166,pickup,Manhattan,Morningside Heights,Boro Zone,10585,false,0.0243,0.024,69,65
1.00,112,pickup,Brooklyn,Greenpoint,Boro Zone,544,false,0.024,0.0236,70,69
1.00,40,pickup,Brooklyn,Carroll Gardens,Boro Zone,302,false,0.0238,0.0217,71,73
1.00,52,pickup,Brooklyn,Cobble Hill,Boro Zone,660,false,0.0235,0.0214,72,75
1.00,49,pickup,Brooklyn,Clinton Hill,Boro Zone,155,false,0.0231,0.0235,73,70
1.00,152,pickup,Manhattan,Manhattanville,Boro Zone,1062,false,0.0228,0.0225,74,72
1.00,181,pickup,Brooklyn,Park Slope,Boro Zone,659,false,0.0227,0.0217,75,74
1.00,116,pickup,Manhattan,Hamilton Heights,Boro Zone,1227,false,0.022,0.0214,76,76
1.00,37,pickup,Brooklyn,Bushwick South,Boro Zone,138,false,0.0215,0.0208,77,77
1.00,189,pickup,Brooklyn,Prospect Heights,Boro Zone,142,false,0.0215,0.0206,78,79
1.00,42,pickup,Manhattan,Central Harlem North,Boro Zone,752,false,0.0214,0.0208,79,78
1.00,80,pickup,Brooklyn,East Williamsburg,Boro Zone,549,false,0.0212,0.0197,80,80
1.00,145,pickup,Queens,Long Island City/Hunters Point,Boro Zone,1440,false,0.0194,0.0156,81,84
1.00,36,pickup,Brooklyn,Bushwick North,Boro Zone,165,false,0.0188,0.0187,82,82
1.00,244,pickup,Manhattan,Washington Heights South,Boro Zone,1050,false,0.0187,0.0188,83,81
1.00,243,pickup,Manhattan,Washington Heights North,Boro Zone,211,false,0.017,0.017,84,83
1.00,260,pickup,Queens,Woodside,Boro Zone,664,false,0.0162,0.0149,85,87
1.00,247,pickup,Bronx,West Concourse,Boro Zone,182,false,0.0155,0.0152,86,85
1.00,265,pickup,N/A,Outside of NYC,N/A,281,false,0.0154,0.0093,87,102
1.00,129,pickup,Queens,Jackson Heights,Boro Zone,437,false,0.0152,0.0136,88,88
1.00,195,pickup,Brooklyn,Red Hook,Boro Zone,790,false,0.015,0.0149,89,86
1.00,157,pickup,Queens,Maspeth,Boro Zone,645,false,0.0147,0.0134,90,89
1.00,223,pickup,Queens,Steinway,Boro Zone,509,false,0.0142,0.0134,91,90
1.00,207,pickup,Queens,Saint Michaels Cemetery/Woodside,Boro Zone,180,false,0.0129,0.0117,92,93
1.00,216,pickup,Queens,South Ozone Park,Boro Zone,218,false,0.0129,0.0093,93,101
1.00,70,pickup,Queens,East Elmhurst,Boro Zone,28224,false,0.0125,0.0124,94,91
1.00,138,pickup,Queens,LaGuardia Airport,Airports,266588,false,0.0121,0.0121,95,92
1.00,196,pickup,Queens,Rego Park,Boro Zone,120,false,0.0108,0.0093,96,99
1.00,82,pickup,Queens,Elmhurst,Boro Zone,358,false,0.0106,0.0093,97,96
1.00,93,pickup,Queens,Flushing Meadows-Corona Park,Boro Zone,757,false,0.0105,0.0093,98,97
1.00,130,pickup,Queens,Jamaica,Boro Zone,597,false,0.0099,0.0093,99,98
1.00,56,pickup,Queens,Corona,Boro Zone,194,false,0.0095,0.0093,100,95
1.00,28,pickup,Queens,Briarwood/Jamaica Hills,Boro Zone,244,false,0.0094,0.0093,101,94
1.00,132,pickup,Queens,JFK Airport,Airports,311199,false,0.0092,0.0091,102,104
1.00,10,pickup,Queens,Baisley Park,Boro Zone,1812,false,0.0089,0.0091,103,103
1.00,215,pickup,Queens,South Jamaica,Boro Zone,632,false,0.0089,0.0093,104,100
1.00,219,pickup,Queens,Springfield Gardens South,Boro Zone,565,false,0.0088,0.0091,105,105
1.00,153,pickup,Manhattan,Marble Hill,Boro Zone,1,true,0.1875,0.1875,106,106
1.00,248,pickup,Bronx,West Farms/Bronx River,Boro Zone,10,true,0.04,0.0133,107,158
1.00,188,pickup,Brooklyn,Prospect-Lefferts Gardens,Boro Zone,38,true,0.0385,0.0168,108,119
1.00,123,pickup,Brooklyn,Homecrest,Boro Zone,8,true,0.0341,0.0108,109,195
1.00,6,pickup,Staten Island,Arrochar/Fort Wadsworth,Boro Zone,9,true,0.0305,0.0308,110,107
1.00,167,pickup,Bronx,Morrisania/Melrose,Boro Zone,11,true,0.0269,0.0153,111,128
1.00,72,pickup,Brooklyn,East Flatbush/Remsen Village,Boro Zone,15,true,0.0263,0.0125,112,168
1.00,54,pickup,Brooklyn,Columbia Street,Boro Zone,59,true,0.026,0.0202,113,112
1.00,60,pickup,Bronx,Crotona Park East,Boro Zone,4,true,0.0258,0.0152,114,130
1.00,121,pickup,Queens,Hillcrest/Pomonok,Boro Zone,3,true,0.025,0.011,115,188
1.00,217,pickup,Brooklyn,South Williamsburg,Boro Zone,50,true,0.0249,0.0238,116,108
1.00,257,pickup,Brooklyn,Windsor Terrace,Boro Zone,18,true,0.0248,0.0154,117,127
1.00,106,pickup,Brooklyn,Gowanus,Boro Zone,53,true,0.0247,0.0221,118,110
1.00,17,pickup,Brooklyn,Bedford,Boro Zone,68,true,0.0238,0.0201,119,113
1.00,254,pickup,Bronx,Williamsbridge/Olinville,Boro Zone,3,true,0.0238,0.0094,120,216
1.00,111,pickup,Brooklyn,Green-Wood Cemetery,Boro Zone,2,true,0.0236,0.0236,121,109
1.00,212,pickup,Bronx,Soundview/Bruckner,Boro Zone,6,true,0.0232,0.0129,122,163
1.00,202,pickup,Manhattan,Roosevelt Island,Boro Zone,69,true,0.0221,0.0212,123,111
1.00,11,pickup,Brooklyn,Bath Beach,Boro Zone,6,true,0.0208,0.0124,124,169
1.00,173,pickup,Queens,North Corona,Boro Zone,11,true,0.0205,0.0143,125,143
1.00,168,pickup,Bronx,Mott Haven/Port Morris,Boro Zone,63,true,0.0193,0.0185,126,114
1.00,89,pickup,Brooklyn,Flatbush/Ditmas Park,Boro Zone,34,true,0.0189,0.014,127,145
1.00,61,pickup,Brooklyn,Crown Heights North,Boro Zone,75,true,0.0188,0.0169,128,118
1.00,199,pickup,Bronx,Rikers Island,Boro Zone,6,true,0.0188,0.0139,129,148
1.00,252,pickup,Queens,Whitestone,Boro Zone,11,true,0.0187,0.014,130,146
1.00,190,pickup,Brooklyn,Prospect Park,Boro Zone,30,true,0.0186,0.0182,131,116
1.00,225,pickup,Brooklyn,Stuyvesant Heights,Boro Zone,56,true,0.0186,0.0166,132,121
1.00,77,pickup,Brooklyn,East New York/Pennsylvania Avenue,Boro Zone,5,true,0.0185,0.0098,133,206
1.00,62,pickup,Brooklyn,Crown Heights South,Boro Zone,20,true,0.018,0.0165,134,122
1.00,182,pickup,Bronx,Parkchester,Boro Zone,5,true,0.018,0.0153,135,129
1.00,8,pickup,Queens,Astoria Park,Boro Zone,10,true,0.0177,0.0108,136,194
1.00,32,pickup,Bronx,Bronxdale,Boro Zone,1,true,0.0176,0.0176,137,117
1.00,159,pickup,Bronx,Melrose South,Boro Zone,15,true,0.0173,0.0182,138,115
1.00,127,pickup,Manhattan,Inwood,Boro Zone,63,true,0.0167,0.0148,139,137
1.00,126,pickup,Bronx,Hunts Point,Boro Zone,8,true,0.0166,0.0143,140,142
1.00,206,pickup,Staten Island,Saint George/New Brighton,Boro Zone,1,true,0.0166,0.0166,141,120
1.00,47,pickup,Bronx,Claremont/Bathgate,Boro Zone,19,true,0.0165,0.0145,142,139
1.00,208,pickup,Bronx,Schuylerville/Edgewater Park,Boro Zone,14,true,0.0164,0.0121,143,178
1.00,131,pickup,Queens,Jamaica Estates,Boro Zone,9,true,0.0162,0.0095,144,211
1.00,198,pickup,Queens,Ridgewood,Boro Zone,41,true,0.0159,0.0158,145,124
1.00,83,pickup,Queens,Elmhurst/Maspeth,Boro Zone,54,true,0.0158,0.0165,146,123
1.00,128,pickup,Manhattan,Inwood Hill Park,Boro Zone,1,true,0.0155,0.0155,147,125
1.00,69,pickup,Bronx,East Concourse/Concourse Village,Boro Zone,12,true,0.0154,0.0154,148,126
1.00,194,pickup,Manhattan,Randalls Island,Yellow Zone,82,true,0.0154,0.0139,149,147
1.00,136,pickup,Bronx,Kingsbridge Heights,Boro Zone,9,true,0.0153,0.0136,150,154
1.00,241,pickup,Bronx,Van Cortlandt Village,Boro Zone,2,true,0.0152,0.0152,151,131
1.00,213,pickup,Bronx,Soundview/Castle Hill,Boro Zone,19,true,0.0151,0.0141,152,144
1.00,214,pickup,Staten Island,South Beach/Dongan Hills,Boro Zone,1,true,0.0151,0.0151,153,133
1.00,169,pickup,Bronx,Mount Hope,Boro Zone,24,true,0.015,0.0151,154,132
1.00,259,pickup,Bronx,Woodlawn/Wakefield,Boro Zone,4,true,0.0149,0.0146,155,138
1.00,78,pickup,Bronx,East Tremont,Boro Zone,8,true,0.0147,0.0129,156,162
1.00,227,pickup,Brooklyn,Sunset Park East,Boro Zone,9,true,0.0146,0.0123,157,172
1.00,119,pickup,Bronx,Highbridge,Boro Zone,80,true,0.0145,0.015,158,134
1.00,120,pickup,Manhattan,Highbridge Park,Boro Zone,5,true,0.0145,0.0136,159,153
1.00,228,pickup,Brooklyn,Sunset Park West,Boro Zone,73,true,0.0145,0.0139,160,149
1.00,46,pickup,Bronx,City Island,Boro Zone,1,true,0.0143,0.0143,161,141
1.00,133,pickup,Brooklyn,Kensington,Boro Zone,20,true,0.0143,0.0144,162,140
1.00,250,pickup,Bronx,Westchester Village/Unionport,Boro Zone,7,true,0.0143,0.0137,163,152
1.00,235,pickup,Bronx,University Heights/Morris Heights,Boro Zone,4,true,0.0142,0.0149,164,135
1.00,15,pickup,Queens,Bay Terrace/Fort Totten,Boro Zone,3,true,0.0139,0.0148,165,136
1.00,20,pickup,Bronx,Belmont,Boro Zone,15,true,0.0139,0.0118,166,180
1.00,19,pickup,Queens,Bellerose,Boro Zone,5,true,0.0136,0.009,167,231
1.00,94,pickup,Bronx,Fordham South,Boro Zone,5,true,0.0136,0.0137,168,151
1.00,147,pickup,Bronx,Longwood,Boro Zone,2,true,0.0136,0.0136,169,155
1.00,160,pickup,Queens,Middle Village,Boro Zone,35,true,0.0135,0.0102,170,199
1.00,53,pickup,Queens,College Point,Boro Zone,80,true,0.0134,0.0137,171,150
1.00,221,pickup,Staten Island,Stapleton,Boro Zone,2,true,0.0134,0.0134,172,157
1.00,57,pickup,Queens,Corona,Boro Zone,4,true,0.0133,0.0132,173,159
1.00,171,pickup,Queens,Murray Hill-Queens,Boro Zone,4,true,0.0128,0.0126,174,167
1.00,3,pickup,Bronx,Allerton/Pelham Gardens,Boro Zone,1,true,0.0126,0.0126,175,165
1.00,14,pickup,Brooklyn,Bay Ridge,Boro Zone,64,true,0.0125,0.0109,176,189
1.00,102,pickup,Queens,Glendale,Boro Zone,12,true,0.0125,0.0131,177,160
1.00,165,pickup,Brooklyn,Midwood,Boro Zone,9,true,0.0125,0.0128,178,164
1.00,95,pickup,Queens,Forest Hills,Boro Zone,71,true,0.0124,0.013,179,161
1.00,183,pickup,Bronx,Pelham Bay,Boro Zone,2,true,0.0124,0.0124,180,170
1.00,192,pickup,Queens,Queensboro Hill,Boro Zone,6,true,0.0123,0.0136,181,156
1.00,39,pickup,Brooklyn,Canarsie,Boro Zone,18,true,0.0122,0.0089,182,232
1.00,58,pickup,Bronx,Country Club,Boro Zone,2,true,0.0122,0.0122,183,173
1.00,85,pickup,Brooklyn,Erasmus,Boro Zone,9,true,0.0122,0.0109,184,192
1.00,59,pickup,Bronx,Crotona Park,Boro Zone,1,true,0.0121,0.0121,185,175
1.00,22,pickup,Brooklyn,Bensonhurst West,Boro Zone,2,true,0.0119,0.0119,186,179
1.00,200,pickup,Bronx,Riverdale/North Riverdale/Fieldston,Boro Zone,7,true,0.0119,0.0121,187,177
1.00,35,pickup,Brooklyn,Brownsville,Boro Zone,6,true,0.0118,0.0121,188,174
1.00,220,pickup,Bronx,Spuyten Duyvil/Kingsbridge,Boro Zone,18,true,0.0118,0.0118,189,181
1.00,242,pickup,Bronx,Van Nest/Morris Park,Boro Zone,7,true,0.0118,0.0124,190,171
1.00,92,pickup,Queens,Flushing,Boro Zone,20,true,0.0117,0.0121,191,176
1.00,253,pickup,Queens,Willets Point,Boro Zone,4,true,0.0117,0.0118,192,182
1.00,96,pickup,Queens,Forest Park/Highland Park,Boro Zone,6,true,0.0116,0.0111,193,187
1.00,9,pickup,Queens,Auburndale,Boro Zone,2,true,0.0115,0.0115,194,183
1.00,71,pickup,Brooklyn,East Flatbush/Farragut,Boro Zone,6,true,0.0114,0.0109,195,191
1.00,135,pickup,Queens,Kew Gardens Hills,Boro Zone,15,true,0.0114,0.0101,196,204
1.00,174,pickup,Bronx,Norwood,Boro Zone,1,true,0.0114,0.0114,197,185
1.00,64,pickup,Queens,Douglaston,Boro Zone,11,true,0.0112,0.0101,198,200
1.00,178,pickup,Brooklyn,Ocean Parkway South,Boro Zone,4,true,0.011,0.0115,199,184
1.00,26,pickup,Brooklyn,Borough Park,Boro Zone,5,true,0.0109,0.0112,200,186
1.00,31,pickup,Bronx,Bronx Park,Boro Zone,14,true,0.0109,0.0109,201,190
1.00,73,pickup,Queens,East Flushing,Boro Zone,4,true,0.0109,0.0101,202,201
1.00,76,pickup,Brooklyn,East New York,Boro Zone,17,true,0.0108,0.0101,203,202
1.00,240,pickup,Bronx,Van Cortlandt Park,Boro Zone,3,true,0.0106,0.0109,204,193
1.00,67,pickup,Brooklyn,Dyker Heights,Boro Zone,4,true,0.0105,0.0126,205,166
1.00,149,pickup,Brooklyn,Madison,Boro Zone,4,true,0.0105,0.0096,206,210
1.00,16,pickup,Queens,Bayside,Boro Zone,8,true,0.0104,0.0094,207,212
1.00,185,pickup,Bronx,Pelham Parkway,Boro Zone,4,true,0.0104,0.0106,208,196
1.00,187,pickup,Staten Island,Port Richmond,Boro Zone,1,true,0.0104,0.0104,209,197
1.00,18,pickup,Bronx,Bedford Park,Boro Zone,2,true,0.0102,0.0102,210,198
1.00,63,pickup,Brooklyn,Cypress Hills,Boro Zone,14,true,0.0102,0.01,211,205
1.00,98,pickup,Queens,Fresh Meadows,Boro Zone,4,true,0.0102,0.0101,212,203
1.00,155,pickup,Brooklyn,Marine Park/Mill Basin,Boro Zone,9,true,0.0102,0.0093,213,224
1.00,258,pickup,Queens,Woodhaven,Boro Zone,11,true,0.0102,0.0093,214,229
1.00,108,pickup,Brooklyn,Gravesend,Boro Zone,5,true,0.0099,0.0093,215,220
1.00,197,pickup,Queens,Richmond Hill,Boro Zone,73,true,0.0099,0.0093,216,226
1.00,115,pickup,Staten Island,Grymes Hill/Clifton,Boro Zone,1,true,0.0098,0.0098,217,208
1.00,91,pickup,Brooklyn,Flatlands,Boro Zone,6,true,0.0097,0.0098,218,207
1.00,177,pickup,Brooklyn,Ocean Hill,Boro Zone,6,true,0.0097,0.0098,219,209
1.00,55,pickup,Brooklyn,Coney Island,Boro Zone,18,true,0.0095,0.0091,220,230
1.00,134,pickup,Queens,Kew Gardens,Boro Zone,88,true,0.0095,0.0093,221,221
1.00,124,pickup,Queens,Howard Beach,Boro Zone,49,true,0.0094,0.0087,222,237
1.00,2,pickup,Queens,Jamaica Bay,Boro Zone,7,true,0.0093,0.0093,223,217
1.00,27,pickup,Queens,Breezy Point/Fort Tilden/Riis Beach,Boro Zone,1,true,0.0093,0.0093,224,218
1.00,51,pickup,Bronx,Co-Op City,Boro Zone,6,true,0.0093,0.0094,225,213
1.00,101,pickup,Queens,Glen Oaks,Boro Zone,3,true,0.0093,0.0094,226,214
1.00,105,pickup,Manhattan,Governor's Island/Ellis Island/Liberty Island,Yellow Zone,1,true,0.0093,0.0093,227,219
1.00,191,pickup,Queens,Queens Village,Boro Zone,3,true,0.0093,0.0093,228,225
1.00,203,pickup,Queens,Rosedale,Boro Zone,1,true,0.0093,0.0093,229,227
1.00,154,pickup,Brooklyn,Marine Park/Floyd Bennett Field,Boro Zone,12,true,0.0092,0.0093,230,223
1.00,81,pickup,Bronx,Eastchester,Boro Zone,5,true,0.0091,0.0089,231,233
1.00,201,pickup,Queens,Rockaway Park,Boro Zone,2,true,0.0089,0.0089,232,234
1.00,23,pickup,Staten Island,Bloomfield/Emerson Hill,Boro Zone,2,true,0.0088,0.0088,233,235
1.00,180,pickup,Queens,Ozone Park,Boro Zone,12,true,0.0088,0.0087,234,239
1.00,184,pickup,Bronx,Pelham Bay Park,Boro Zone,2,true,0.0088,0.0088,235,236
1.00,210,pickup,Brooklyn,Sheepshead Bay,Boro Zone,4,true,0.0088,0.0094,236,215
1.00,218,pickup,Queens,Springfield Gardens North,Boro Zone,5,true,0.0088,0.0086,237,240
1.00,150,pickup,Brooklyn,Manhattan Beach,Boro Zone,6,true,0.0087,0.0093,238,222
1.00,175,pickup,Queens,Oakland Gardens,Boro Zone,1,true,0.0087,0.0087,239,238
1.00,222,pickup,Brooklyn,Starrett City,Boro Zone,3,true,0.0086,0.0093,240,228
1.00,205,pickup,Queens,Saint Albans,Boro Zone,2,true,0.008,0.008,241,243
1.00,38,pickup,Queens,Cambria Heights,Boro Zone,26,true,0.0079,0.0081,242,242
1.00,139,pickup,Queens,Laurelton,Boro Zone,12,true,0.0079,0.0082,243,241
1.00,29,pickup,Brooklyn,Brighton Beach,Boro Zone,5,true,0.0075,0.0076,244,244
1.00,117,pickup,Queens,Hammels/Arverne,Boro Zone,3,true,0.0073,0.0073,245,245
1.00,1,pickup,EWR,Newark Airport,EWR,55,true,0.0072,0.007,246,246
1.00,86,pickup,Queens,Far Rockaway,Boro Zone,4,true,0.0064,0.0065,247,247
1.00,118,pickup,Staten Island,Heartland Village/Todt Hill,Boro Zone,2,true,0.0057,0.0057,248,248
