zone,direction,Borough,zone_name,service_zone,DS_z,DS_z_median,N_z,DS_z_rank,pct_volume_change,n_2024,n_2025,low_n_flag,avg_total_cost_2024,avg_total_cost_2025
137,dropoff,Manhattan,Kips Bay,Yellow Zone,0.047622016572345084,0.046583850931677016,174406,1,-0.02996085199528542,190048,184354,false,19.248078748526694,19.800997266129354
90,dropoff,Manhattan,Flatiron,Yellow Zone,0.047267752343122395,0.04746835443037974,219240,2,-0.005670878062933538,227478,226188,false,20.8535327372318,21.596647876987355
234,dropoff,Manhattan,Union Sq,Yellow Zone,0.04713237852828661,0.046583850931677016,372281,3,0.04190363392243124,366436,381791,false,19.374975138905427,20.083684345623507
249,dropoff,Manhattan,West Village,Yellow Zone,0.046684367883921545,0.046583850931677016,263614,4,0.012871695004119443,267020,270457,false,19.503598157441402,20.142717807266962
107,dropoff,Manhattan,Gramercy,Yellow Zone,0.04640352034989362,0.046583850931677016,284967,5,-0.025384849971492596,301676,294018,false,20.115911706599164,20.926598371528296
229,dropoff,Manhattan,Sutton Place/Turtle Bay North,Yellow Zone,0.0462163293700674,0.04573170731707318,310457,6,-0.017558796334441018,327699,321945,false,20.12970015166355,20.678193697681248
170,dropoff,Manhattan,Murray Hill,Yellow Zone,0.04565766765027051,0.045454545454545456,431771,7,-0.029999695809559412,460238,446431,false,21.035778249513697,21.564383992150372
162,dropoff,Manhattan,Midtown East,Yellow Zone,0.045287445117307576,0.045454545454545456,419119,8,-0.027049492527950192,446330,434257,false,21.2261867004229,21.836197113690226
113,dropoff,Manhattan,Greenwich Village North,Yellow Zone,0.04513673923457414,0.044642857142857144,195929,9,-0.004354805148479524,201846,200967,false,21.09600695579804,21.855496574064475
186,dropoff,Manhattan,Penn Station/Madison Sq West,Yellow Zone,0.04509972259521282,0.044642857142857144,319799,10,-0.0010103227319607777,332567,332231,false,20.755991334076903,21.121589496464694
237,dropoff,Manhattan,Upper East Side South,Yellow Zone,0.04506298416035758,0.044642857142857144,366800,11,0.043066865296044865,673952,702977,false,17.987487996177542,18.348810444722762
68,dropoff,Manhattan,East Chelsea,Yellow Zone,0.044878312320161415,0.044642857142857144,380723,12,-0.0004010813966771609,393935,393777,false,21.66935839668931,22.129330179263448
161,dropoff,Manhattan,Midtown Center,Yellow Zone,0.04482426418644278,0.044642857142857144,574247,13,0.0077001861246932535,587778,592304,false,21.659366682658224,21.909891862961437
114,dropoff,Manhattan,Greenwich Village South,Yellow Zone,0.044744380074171586,0.044642857142857144,149550,14,0.026359913692325154,149697,153643,false,20.528043915375754,21.077093977597436
50,dropoff,Manhattan,Clinton West,Yellow Zone,0.044586322242801554,0.0436046511627907,145306,15,-0.04857321652065083,159800,152038,false,21.34691458072597,21.496854536365955
246,dropoff,Manhattan,West Chelsea/Hudson Yards,Yellow Zone,0.04436516632627272,0.04285714285714286,289092,16,0.0029386604941377126,298095,298971,false,20.110322112078382,21.078984516892987
163,dropoff,Manhattan,Midtown North,Yellow Zone,0.04432640771437818,0.044642857142857144,379159,17,0.015476144584505969,389115,395137,false,22.683570024285338,23.104477788715858
233,dropoff,Manhattan,UN/Turtle Bay South,Yellow Zone,0.04395381314593316,0.043859649122807015,213260,18,-0.05385656292286878,236480,223744,false,21.903709404600917,22.643190253146553
79,dropoff,Manhattan,East Village,Yellow Zone,0.04392047167436757,0.0436046511627907,293131,19,-0.012714940709394273,305782,301894,false,21.16402427219391,21.911461970095406
142,dropoff,Manhattan,Lincoln Square East,Yellow Zone,0.043770188713282976,0.04285714285714286,242845,20,-0.026662165958333706,441412,429643,false,19.93550451732146,20.317023552111664
158,dropoff,Manhattan,Meatpacking/West Village West,Yellow Zone,0.04331624976956997,0.0436046511627907,158123,21,0.04802711270328075,155204,162658,false,21.310381111311603,21.974789558460145
48,dropoff,Manhattan,Clinton East,Yellow Zone,0.04329463520017914,0.04285714285714286,345040,22,-0.022185927334384292,369198,361007,false,23.996474520446206,24.10137911453172
100,dropoff,Manhattan,Garment District,Yellow Zone,0.042900964459894886,0.04285714285714286,185507,23,-0.034922820171246594,201931,194879,false,24.012941153166334,24.279074246070834
141,dropoff,Manhattan,Lenox Hill West,Yellow Zone,0.04263331061856332,0.04120879120879121,212945,24,-0.008577838384727032,409194,405684,false,20.296811292442975,19.85246921249038
164,dropoff,Manhattan,Midtown South,Yellow Zone,0.04261807715864438,0.0436046511627907,309852,25,-0.026216955775193118,329634,320992,false,24.581337331706596,25.146886775993682
264,dropoff,Unknown,N/A,N/A,0.042087879881097766,0.04120879120879121,27900,26,-0.4453937449259674,77601,43038,false,25.032858983776045,23.682017519401466
143,dropoff,Manhattan,Lincoln Square West,Yellow Zone,0.04187765250722699,0.04054054054054054,138026,27,-0.002334772457511014,230001,229464,false,20.78356046278064,21.175622712059468
224,dropoff,Manhattan,Stuy Town/Peter Cooper Village,Yellow Zone,0.041726699770885056,0.04189944134078213,56138,28,-0.02533559584012368,59521,58013,false,22.73030611044846,23.56571406408913
125,dropoff,Manhattan,Hudson Sq,Yellow Zone,0.041626061805131336,0.04120879120879121,79728,29,0.03593771635008758,79443,82298,false,24.137045806427334,24.818397044885685
211,dropoff,Manhattan,SoHo,Yellow Zone,0.04148956387248488,0.04054054054054054,129091,30,0.0443864435647936,126818,132447,false,22.660744531533393,23.18016006402565
4,dropoff,Manhattan,Alphabet City,Yellow Zone,0.041317954334755616,0.04032258064516129,52913,31,-0.013950505104495137,56127,55344,false,22.382742173998277,22.978003758311665
43,dropoff,Manhattan,Central Park,Yellow Zone,0.040539685073314194,0.03968253968253969,94985,32,-0.0824370192413656,181484,166523,false,19.836277357783672,20.055376914900656
144,dropoff,Manhattan,Little Italy/NoLiTa,Yellow Zone,0.04045290976352793,0.0390625,140960,33,0.03172664526940672,140828,145296,false,23.294311713579663,23.822261108358138
140,dropoff,Manhattan,Lenox Hill East,Yellow Zone,0.040238177886433024,0.038860103626943004,154190,34,-0.0007912593295934522,309633,309388,false,20.32177994593595,20.5564935938045
230,dropoff,Manhattan,Times Sq/Theatre District,Yellow Zone,0.0397726437461777,0.04032258064516129,462245,35,-0.009363399407442019,488391,483818,false,28.419442618718836,28.19825060249695
148,dropoff,Manhattan,Lower East Side,Yellow Zone,0.039070402704902675,0.03768844221105528,149376,36,0.022328937907742263,151597,154982,false,25.083726986681803,25.45318959621121
231,dropoff,Manhattan,TriBeCa/Civic Center,Yellow Zone,0.038906877001393704,0.03768844221105528,236615,37,0.02609791815746121,240364,246637,false,25.35089485114243,25.81116324801223
45,dropoff,Manhattan,Chinatown,Yellow Zone,0.038130856532366794,0.03640776699029126,38145,38,0.026266980801042727,39898,40946,false,25.873809213494436,25.89445391491232
239,dropoff,Manhattan,Upper West Side South,Yellow Zone,0.03678576217659318,0.03571428571428571,176319,39,-0.022031103803493712,440332,430631,false,20.920292165910748,21.224371352735407
232,dropoff,Manhattan,Two Bridges/Seward Park,Yellow Zone,0.03662913512701895,0.035211267605633804,61199,40,-0.01601164483260553,66639,65572,false,26.04905775897001,26.3912856097115
236,dropoff,Manhattan,Upper East Side North,Yellow Zone,0.036620022242629995,0.036231884057971016,274543,41,0.01654515847581095,711749,723525,false,18.806404715707124,19.106736961403907
263,dropoff,Manhattan,Yorkville West,Yellow Zone,0.03523614452520211,0.03409090909090909,130231,42,-0.011337147033252282,317452,313853,false,20.667055995866942,21.051537789984362
262,dropoff,Manhattan,Yorkville East,Yellow Zone,0.03326783545270485,0.032467532467532464,93943,43,-0.003649293534200404,235114,234256,false,22.062195743341576,22.354897590670067
209,dropoff,Manhattan,Seaport,Yellow Zone,0.03320321490233358,0.029411764705882353,36911,44,-0.05575172347529489,41631,39310,false,31.00061012226469,31.40396133299419
238,dropoff,Manhattan,Upper West Side North,Yellow Zone,0.032381103052349904,0.031914893617021274,111220,45,-0.030663644377282417,349404,338690,false,21.034812566541632,21.50295497357444
13,dropoff,Manhattan,Battery Park City,Yellow Zone,0.03219016408168818,0.029411764705882353,101545,46,-0.029311538741890852,109752,106535,false,29.83434561556975,30.355038156474496
261,dropoff,Manhattan,World Trade Center,Yellow Zone,0.03194996721291054,0.02788104089219331,67340,47,-0.0027082581039415965,72002,71807,false,32.86669245298752,33.0980260977343
87,dropoff,Manhattan,Financial District North,Yellow Zone,0.03193364586075075,0.02862595419847328,114293,48,0.0730660958565299,111187,119311,false,31.98945883961267,32.02252080696679
12,dropoff,Manhattan,Battery Park,Yellow Zone,0.03169652147425901,0.02613240418118467,7463,49,-0.12330140343060814,8978,7871,false,28.57352082869237,28.489433362978016
146,dropoff,Queens,Long Island City/Queens Plaza,Boro Zone,0.030551198837688334,0.029761904761904764,6080,50,-0.007270838743183572,11553,11469,false,32.496155976802555,32.1868305867992
88,dropoff,Manhattan,Financial District South,Yellow Zone,0.03045874463033288,0.02613240418118467,52076,51,0.0003556377473905581,56237,56257,false,32.00403186514222,31.94040421636426
75,dropoff,Manhattan,East Harlem South,Boro Zone,0.030264983668491962,0.029761904761904764,43245,52,-0.06025045012707764,172729,162322,false,20.41430865691349,20.771332906198875
145,dropoff,Queens,Long Island City/Hunters Point,Boro Zone,0.02951334629777117,0.028517110266159697,21747,53,-0.009006997171356224,40302,39939,false,31.278972011314504,31.46269986729754
151,dropoff,Manhattan,Manhattan Valley,Yellow Zone,0.029086325219561893,0.02862595419847328,38555,54,-0.04137048827642342,137586,131894,false,21.801104254793426,22.125489863071966
193,dropoff,Queens,Queensbridge/Ravenswood,Boro Zone,0.02877442513371328,0.02788104089219331,2605,55,-0.03334705640181146,9716,9392,false,22.693529230135862,25.999548551959116
66,dropoff,Brooklyn,DUMBO/Vinegar Hill,Boro Zone,0.028077247619104538,0.026408450704225355,16445,56,0.12524228418070682,20121,22641,false,35.60955717906667,35.80485800097165
65,dropoff,Brooklyn,Downtown Brooklyn/MetroTech,Boro Zone,0.027746868932500335,0.02586206896551724,11603,57,-0.012920237310481197,22755,22461,false,41.34968490441661,41.71500155825651
24,dropoff,Manhattan,Bloomingdale,Yellow Zone,0.027624704858746237,0.02717391304347826,13844,58,-0.05130294818768977,49081,46563,false,22.512261567612747,22.774356892811966
226,dropoff,Queens,Sunnyside,Boro Zone,0.027616979073955425,0.026785714285714284,12061,59,-0.053348420082138914,23862,22589,false,33.536650741765165,33.75491699499756
256,dropoff,Brooklyn,Williamsburg (South Side),Boro Zone,0.027169214735373776,0.025510204081632654,21971,60,0.04007561436672957,31740,33012,false,37.971511342155004,38.14533927056828
33,dropoff,Brooklyn,Brooklyn Heights,Boro Zone,0.02626564862897036,0.024115755627009645,26687,61,0.042509666957714964,40085,41789,false,39.099869028314835,39.531065112828735
202,dropoff,Manhattan,Roosevelt Island,Boro Zone,0.025939508197044204,0.02586206896551724,4901,62,-0.04930176077717063,8235,7829,false,37.73776442015786,38.054950823860004
74,dropoff,Manhattan,East Harlem North,Boro Zone,0.025902108558590077,0.025252525252525252,16635,63,-0.06540260608085535,95776,89512,false,22.372069829602463,22.5751787469837
7,dropoff,Queens,Astoria,Boro Zone,0.025463087975807593,0.025252525252525252,18432,64,-0.09780274244176446,36318,32766,false,33.03388264772289,33.12191204297136
166,dropoff,Manhattan,Morningside Heights,Boro Zone,0.025086916219519334,0.024350649350649352,26309,65,-0.025065925109076126,104285,101671,false,23.51162305221281,23.809950723411863
41,dropoff,Manhattan,Central Harlem,Boro Zone,0.024976534989394655,0.024671052631578948,24641,66,-0.04857232799729505,85769,81603,false,26.302108104326834,26.94428317586371
97,dropoff,Brooklyn,Fort Greene,Boro Zone,0.0247613622192712,0.024115755627009645,10687,67,0.08532653910149746,19232,20873,false,40.464579866888506,40.261660997460844
25,dropoff,Brooklyn,Boerum Hill,Boro Zone,0.024423073844194353,0.023006134969325152,13285,68,0.05947679192898758,25573,27094,false,45.034148907050415,45.16515021776036
179,dropoff,Queens,Old Astoria,Boro Zone,0.02419718258695848,0.024350649350649352,6589,69,0.0032281494633201735,12391,12431,false,35.24453232184651,34.56550559086156
255,dropoff,Brooklyn,Williamsburg (North Side),Boro Zone,0.02388733133850188,0.02259036144578313,22761,70,0.03406489834388049,37135,38400,false,41.829383061801494,42.368352083333285
80,dropoff,Brooklyn,East Williamsburg,Boro Zone,0.02384923794942106,0.02259036144578313,9430,71,-0.020095386099351575,18661,18286,false,40.6703927978136,41.16497867220823
112,dropoff,Brooklyn,Greenpoint,Boro Zone,0.02366010048822404,0.023335407591785935,22170,72,0.1280242250179502,32033,36134,false,40.043875378515864,39.89571732993849
52,dropoff,Brooklyn,Cobble Hill,Boro Zone,0.02365865863301077,0.022123893805309734,6721,73,0.06544270062185364,10131,10794,false,43.66061790543875,44.12554474708169
34,dropoff,Brooklyn,Brooklyn Navy Yard,Boro Zone,0.023426990917925647,0.02186588921282799,1067,74,-0.0672866520787746,1828,1705,false,36.851772428884026,37.7082521994135
260,dropoff,Queens,Woodside,Boro Zone,0.02313718395462422,0.023076923076923078,3565,75,-0.07942203258339797,10312,9493,false,34.55386055081458,35.7811650689982
152,dropoff,Manhattan,Manhattanville,Boro Zone,0.022783655196074067,0.02259036144578313,4858,76,-0.11280262184163226,18918,16784,false,26.421970610001047,27.09493088655861
217,dropoff,Brooklyn,South Williamsburg,Boro Zone,0.022591336766752478,0.021186440677966104,3435,77,0.040375420577297705,5647,5875,false,42.113578891446785,41.801189787234044
49,dropoff,Brooklyn,Clinton Hill,Boro Zone,0.022124976752072794,0.02167630057803468,10286,78,0.063336791660491,20241,21523,false,44.021535497258036,43.82499558611718
54,dropoff,Brooklyn,Columbia Street,Boro Zone,0.02185012840846635,0.02021563342318059,2241,79,0.09485016002327606,3437,3763,false,47.246310736107084,46.82870050491631
42,dropoff,Manhattan,Central Harlem North,Boro Zone,0.02155668594276332,0.021186440677966104,15240,80,-0.07450767705859251,53471,49487,false,30.98795908062323,31.354579384484918
40,dropoff,Brooklyn,Carroll Gardens,Boro Zone,0.021520763256667762,0.02021563342318059,8516,81,0.018117543084401166,13578,13824,false,47.731474443953424,48.77085575810182
168,dropoff,Bronx,Mott Haven/Port Morris,Boro Zone,0.021012965301666336,0.020053475935828877,2078,82,-0.026057853215395665,8366,8148,false,36.00071599330625,36.594776632302406
189,dropoff,Brooklyn,Prospect Heights,Boro Zone,0.02099374710280992,0.020435967302452316,6037,83,0.033244579688094245,13145,13582,false,48.29304754659567,48.00102562214696
83,dropoff,Queens,Elmhurst/Maspeth,Boro Zone,0.020394191842377073,0.01963350785340314,952,84,-0.14009243212016176,3462,2977,false,38.0896013864818,37.793755458515285
17,dropoff,Brooklyn,Bedford,Boro Zone,0.02038010057979652,0.01968503937007874,6492,85,-0.01107412623223658,15622,15449,false,44.88163039303548,44.45339245258592
116,dropoff,Manhattan,Hamilton Heights,Boro Zone,0.02033211427705492,0.020380434782608696,9925,86,-0.06319006309148267,30432,28509,false,33.714136106729825,33.84196464274445
223,dropoff,Queens,Steinway,Boro Zone,0.02032840198584981,0.020435967302452316,7728,87,-0.04311783687548676,17974,17199,false,37.60052631578946,37.975868945868946
37,dropoff,Brooklyn,Bushwick South,Boro Zone,0.020259347388029952,0.019329896907216496,6213,88,0.05976095617529875,14307,15162,false,43.1144579576431,42.383505474211844
157,dropoff,Queens,Maspeth,Boro Zone,0.019745722709324075,0.019329896907216496,1539,89,0.21293574128517423,4762,5776,false,41.167921041579156,42.582882617728536
159,dropoff,Bronx,Melrose South,Boro Zone,0.019668868633000092,0.019329896907216496,618,90,-0.005019191024505432,3387,3370,false,39.456076173604956,38.72083086053412
106,dropoff,Brooklyn,Gowanus,Boro Zone,0.019169101085813732,0.018028846153846152,2468,91,0.07116714111427402,4918,5268,false,49.61678731191543,51.4918963553531
181,dropoff,Brooklyn,Park Slope,Boro Zone,0.0191235615207086,0.018028846153846152,20808,92,0.026218742106592474,39590,40628,false,51.338965647890895,51.026743378950485
36,dropoff,Brooklyn,Bushwick North,Boro Zone,0.019065963338597693,0.018337408312958436,3625,93,0.019434222631094844,8696,8865,false,44.49279093836246,43.245501410039466
129,dropoff,Queens,Jackson Heights,Boro Zone,0.01900215010271276,0.01861042183622829,6038,94,-0.12552390047217354,18849,16483,false,38.88003395405591,40.14166049869563
225,dropoff,Brooklyn,Stuyvesant Heights,Boro Zone,0.018942933761891056,0.018159806295399518,4681,95,0.07791586998087952,12552,13530,false,44.03597036328871,43.33154028085735
190,dropoff,Brooklyn,Prospect Park,Boro Zone,0.018667112652396504,0.018159806295399518,891,96,-0.1785714285714286,2072,1702,false,45.887364864864864,46.007937720329025
244,dropoff,Manhattan,Washington Heights South,Boro Zone,0.018571879867389632,0.018472906403940885,12542,97,-0.06748130585445922,38381,35791,false,38.440249342122485,38.27786175295474
195,dropoff,Brooklyn,Red Hook,Boro Zone,0.0184263781925466,0.017146776406035666,3416,98,0.07676240208877294,5745,6186,false,49.2789799825936,48.37710798577435
61,dropoff,Brooklyn,Crown Heights North,Boro Zone,0.0183160775211691,0.01773049645390071,6518,99,0.06454951776052686,21255,22627,false,46.44227946365566,44.89003800768999
82,dropoff,Queens,Elmhurst,Boro Zone,0.018020837765438346,0.0178826895565093,1963,100,0.11885895404120439,8203,9178,false,40.014155796659736,41.018095445630834
62,dropoff,Brooklyn,Crown Heights South,Boro Zone,0.017960317425005822,0.01773049645390071,1727,101,0.029385574354407806,6738,6936,false,47.50604927278124,46.93889273356398
198,dropoff,Queens,Ridgewood,Boro Zone,0.017810399296279467,0.017162471395881007,2458,102,-0.019929198898649525,7627,7475,false,44.34806345876491,43.87457391304347
120,dropoff,Manhattan,Highbridge Park,Boro Zone,0.017761504156985467,0.01728110599078341,148,103,-0.16640253565768626,631,526,false,45.10481774960381,43.44226235741444
160,dropoff,Queens,Middle Village,Boro Zone,0.017272707442191212,0.016763522574877066,1527,104,-0.05653710247349819,4528,4272,false,44.02628533568905,43.953045411985016
119,dropoff,Bronx,Highbridge,Boro Zone,0.017228189399675495,0.016483516483516484,663,105,0.028132033008251955,2666,2741,false,46.05676294073519,44.70771616198467
69,dropoff,Bronx,East Concourse/Concourse Village,Boro Zone,0.01717935965420778,0.016853932584269662,921,106,-0.026877308165777603,4874,4743,false,44.88513951579812,44.250402698713906
194,dropoff,Manhattan,Randalls Island,Yellow Zone,0.017099569947988138,0.017146776406035666,583,107,0.18400820092260384,1951,2310,false,38.2017068170169,38.14706060606058
247,dropoff,Bronx,West Concourse,Boro Zone,0.01699955567145691,0.0165929203539823,1730,108,0.046832491255343944,5146,5387,false,42.70081422464052,41.89919806942641
188,dropoff,Brooklyn,Prospect-Lefferts Gardens,Boro Zone,0.016918654235094595,0.016375545851528384,3276,109,0.04216408432816876,11811,12309,false,47.975331470662965,46.412748395482964
243,dropoff,Manhattan,Washington Heights North,Boro Zone,0.016889468437506445,0.016891891891891893,9637,110,-0.0276587621431299,23573,22921,false,46.10501760488707,46.022719340343016
147,dropoff,Bronx,Longwood,Boro Zone,0.016824092028831467,0.016339869281045753,260,111,0.0023885350318471055,1256,1259,false,45.30753184713375,44.02297061159651
3,dropoff,Bronx,Allerton/Pelham Gardens,Boro Zone,0.016812683544133747,0.01099706744868035,134,112,-0.07326892109500804,1242,1151,false,62.78400161030593,63.04740225890529
218,dropoff,Queens,Springfield Gardens North,Boro Zone,0.01678921852103753,0.009968102073365232,153,113,0.1202836161053431,3949,4424,false,33.15963281843505,33.43647603978301
196,dropoff,Queens,Rego Park,Boro Zone,0.016769219813468746,0.016339869281045753,1307,114,0.055690562980963865,4938,5213,false,42.45388618874039,42.13567619413006
228,dropoff,Brooklyn,Sunset Park West,Boro Zone,0.016669960805721713,0.015776188472864956,3101,115,0.04813460131675207,6835,7164,false,57.28719531821507,55.62988135120045
126,dropoff,Bronx,Hunts Point,Boro Zone,0.01641827180508538,0.015432098765432098,287,116,-0.08237677245104658,1481,1359,false,48.17185010128291,46.946261957321546
56,dropoff,Queens,Corona,Boro Zone,0.016024616582696136,0.015657620041753653,726,117,0.29519628099173545,3872,5015,false,40.77239927685952,40.92452841475574
167,dropoff,Bronx,Morrisania/Melrose,Boro Zone,0.016022838712656317,0.015,316,118,0.04576436222005853,2054,2148,false,47.19185491723464,45.532430167597745
258,dropoff,Queens,Woodhaven,Boro Zone,0.015999793173384763,0.012998266897746967,361,119,-0.07737918766676544,3373,3112,false,40.32145864215832,39.51620822622108
257,dropoff,Brooklyn,Windsor Terrace,Boro Zone,0.015968931733569235,0.01498800959232614,3318,120,0.03328645100797001,6399,6612,false,60.52083606813566,60.33462341197821
127,dropoff,Manhattan,Inwood,Boro Zone,0.0157706262031281,0.015889830508474576,3302,121,-0.07175743964065129,8905,8266,false,48.87888601909039,48.73587466731184
235,dropoff,Bronx,University Heights/Morris Heights,Boro Zone,0.015703534568866934,0.015306122448979591,370,122,0.05744007236544557,2211,2338,false,50.61469923111712,48.22573139435415
173,dropoff,Queens,North Corona,Boro Zone,0.015554298256446143,0.015212981744421908,543,123,-0.21364870104691736,2579,2028,false,40.197328421868946,40.61900887573963
215,dropoff,Queens,South Jamaica,Boro Zone,0.01554194611899766,0.010469011725293131,147,124,0.0686186857398301,4474,4781,false,35.13647071971391,33.710386948337174
128,dropoff,Manhattan,Inwood Hill Park,Boro Zone,0.01546721286556297,0.015527950310559008,300,125,-0.09155645981688709,983,893,false,48.75264496439471,47.979003359462496
133,dropoff,Brooklyn,Kensington,Boro Zone,0.015450361883825748,0.014302059496567507,1567,126,-0.049213090182363195,4003,3806,false,59.73424181863606,59.40697582764058
212,dropoff,Bronx,Soundview/Bruckner,Boro Zone,0.015388308331422629,0.01439539347408829,239,127,-0.02865761689291102,1326,1288,false,52.47552790346905,49.652818322981354
177,dropoff,Brooklyn,Ocean Hill,Boro Zone,0.015352020426964623,0.014677103718199608,566,128,0.0694638694638694,4290,4588,false,42.69582051282051,41.520047951176984
169,dropoff,Bronx,Mount Hope,Boro Zone,0.015307249438285478,0.015090543259557344,353,129,-0.04263736263736262,2275,2178,false,51.089635164835165,51.699109274563824
219,dropoff,Queens,Springfield Gardens South,Boro Zone,0.015278592580696086,0.009266123054114159,297,130,0.009710210893642879,6591,6655,false,30.373301471703833,32.04685199098422
60,dropoff,Bronx,Crotona Park East,Boro Zone,0.015224484053607828,0.013837638376383764,122,131,-0.13122171945701355,1105,960,false,51.15676018099547,49.43579166666667
139,dropoff,Queens,Laurelton,Boro Zone,0.015076324122174835,0.009527596463686689,100,132,0.05515832482124616,2937,3099,false,38.49636023152877,38.1302161987738
47,dropoff,Bronx,Claremont/Bathgate,Boro Zone,0.014983388004740989,0.01447876447876448,222,133,-0.08130081300813008,1599,1469,false,48.79954346466539,48.373403675970025
102,dropoff,Queens,Glendale,Boro Zone,0.014970760254671252,0.014801662974284192,474,134,-0.01631701631701632,2574,2532,false,43.697960372960374,43.992922590837274
197,dropoff,Queens,Richmond Hill,Boro Zone,0.014953155953222658,0.012250899706714821,516,135,0.06600711083629629,6469,6896,false,39.24631627763176,43.139369199535935
95,dropoff,Queens,Forest Hills,Boro Zone,0.01487634114365267,0.01460849240358395,5199,136,-0.035796953221725825,18577,17912,false,42.65904882381437,42.44556051808838
227,dropoff,Brooklyn,Sunset Park East,Boro Zone,0.014797263091302885,0.01422070534698521,898,137,0.047600619195046434,2584,2707,false,62.28522445820434,58.48350942002217
85,dropoff,Brooklyn,Erasmus,Boro Zone,0.014715840979365133,0.013489208633093525,671,138,0.08961168270826425,3013,3283,false,49.47856953202788,45.667246420956445
10,dropoff,Queens,Baisley Park,Boro Zone,0.014697004608616367,0.009889240506329113,934,139,0.08961756475568627,13937,15186,false,30.803556002009042,30.494352693270116
94,dropoff,Bronx,Fordham South,Boro Zone,0.014686935189939847,0.014018691588785047,180,140,-0.06935817805383027,966,899,false,53.01471014492753,51.86109010011123
89,dropoff,Brooklyn,Flatbush/Ditmas Park,Boro Zone,0.014635585100149319,0.013676148796498906,3528,141,0.038913595933926404,12592,13082,false,56.012311785260465,53.7944542118942
71,dropoff,Brooklyn,East Flatbush/Farragut,Boro Zone,0.014626058799536358,0.014005614451108941,564,142,0.11933058452583079,4123,4615,false,45.026099927237446,41.23515926327193
93,dropoff,Queens,Flushing Meadows-Corona Park,Boro Zone,0.014562783114845,0.01282051282051282,837,143,1.029373368146214,4596,9327,false,43.5157093124456,39.6324048461456
70,dropoff,Queens,East Elmhurst,Boro Zone,0.014535664682008499,0.013751375137513752,1584,144,-0.06069858329262334,8188,7691,false,37.532327796775746,38.247811727993735
136,dropoff,Bronx,Kingsbridge Heights,Boro Zone,0.014430115974549948,0.0141911196081801,316,145,-0.02378121284185497,1682,1642,false,53.57527942925087,51.87619975639463
134,dropoff,Queens,Kew Gardens,Boro Zone,0.014350162406859275,0.012998266897746967,775,146,0.003482179434658006,4882,4899,false,42.78072511265876,45.25029802000409
35,dropoff,Brooklyn,Brownsville,Boro Zone,0.014306248293201812,0.01366120218579235,333,147,0.10508701472556892,4482,4953,false,39.29709058456047,38.262174439733506
28,dropoff,Queens,Briarwood/Jamaica Hills,Boro Zone,0.014189857652830373,0.01240900066181337,536,148,0.03148664806695889,5018,5176,false,38.282672379434054,37.94762171561051
78,dropoff,Bronx,East Tremont,Boro Zone,0.014052004386806176,0.013503781058696436,246,149,0.0611405055849501,1701,1805,false,50.330241034685464,50.907534626038746
250,dropoff,Bronx,Westchester Village/Unionport,Boro Zone,0.013916337639532232,0.013300230537329314,215,150,0.035612535612535634,1404,1454,false,53.7705413105413,51.82806052269599
135,dropoff,Queens,Kew Gardens Hills,Boro Zone,0.013885848307684676,0.013227513227513227,499,151,0.003542510121457454,3952,3966,false,39.92310981781378,40.137155824508326
72,dropoff,Brooklyn,East Flatbush/Remsen Village,Boro Zone,0.013873647712105055,0.01303223449416965,348,152,0.043946574752262046,4642,4846,false,41.95661999138302,40.0167189434585
213,dropoff,Bronx,Soundview/Castle Hill,Boro Zone,0.013840489614670945,0.013321492007104797,322,153,-0.022089761570827537,2852,2789,false,51.79883590462835,50.211624238078166
153,dropoff,Manhattan,Marble Hill,Boro Zone,0.013830499805351358,0.013997760358342666,185,154,0.09276729559748431,636,695,false,54.478553459119496,55.56588489208633
248,dropoff,Bronx,West Farms/Bronx River,Boro Zone,0.013824640257819147,0.01333570412517781,161,155,-0.14721586575133483,1311,1118,false,51.801075514874135,52.35339892665473
216,dropoff,Queens,South Ozone Park,Boro Zone,0.013628285424880182,0.010021378941742383,959,156,0.07326680672268915,15232,16348,false,35.18013064600841,40.49937056520679
205,dropoff,Queens,Saint Albans,Boro Zone,0.013529564365667827,0.010212418300653595,173,157,-0.038811056418023515,5282,5077,false,37.79338129496404,37.503324798109134
130,dropoff,Queens,Jamaica,Boro Zone,0.013503858901315882,0.01147842056932966,527,158,0.05124835742444156,8371,8800,false,37.98739457651415,36.669287499999975
191,dropoff,Queens,Queens Village,Boro Zone,0.013479859141577339,0.010353395913859746,181,159,-0.063095544681947,3883,3638,false,47.336198815348965,46.31330951072017
220,dropoff,Bronx,Spuyten Duyvil/Kingsbridge,Boro Zone,0.013459324149511401,0.013489208633093525,1891,160,0.02592397968120519,5709,5857,false,60.96032404974608,60.64680382448358
180,dropoff,Queens,Ozone Park,Boro Zone,0.013427923309498902,0.011980830670926517,153,161,0.08393152954168959,1811,1963,false,36.843440088348984,36.66045848191543
192,dropoff,Queens,Queensboro Hill,Boro Zone,0.013422496281358236,0.012690355329949238,231,162,-0.14783927217589088,1319,1124,false,43.39297194844579,44.17379003558719
182,dropoff,Bronx,Parkchester,Boro Zone,0.01326786828359048,0.013066202090592335,352,163,0.2154471544715446,1968,2392,false,54.166189024390235,50.68241638795986
63,dropoff,Brooklyn,Cypress Hills,Boro Zone,0.013224885436815065,0.012254901960784314,241,164,0.04518178609248147,2833,2961,false,40.18589834098129,39.502901046943606
19,dropoff,Queens,Bellerose,Boro Zone,0.01319767869307182,0.009920634920634922,102,165,0.0033175355450236754,2110,2117,false,49.33312796208531,48.57609352857819
26,dropoff,Brooklyn,Borough Park,Boro Zone,0.013172782144067205,0.012527145286707793,962,166,0.03819366434509108,4451,4621,false,62.81355875084251,59.95534516338456
14,dropoff,Brooklyn,Bay Ridge,Boro Zone,0.013047617649913416,0.01240900066181337,4229,167,0.04882085229623501,9668,10140,false,64.10438663632601,62.77862426035501
92,dropoff,Queens,Flushing,Boro Zone,0.013044161974122752,0.012327416173570018,1270,168,-0.08648194794290509,9528,8704,false,42.279735516372796,42.814420955882326
241,dropoff,Bronx,Van Cortlandt Village,Boro Zone,0.0130249040361317,0.013157894736842105,401,169,-0.07278208440999134,2322,2153,false,60.50142549526273,58.11020436600093
178,dropoff,Brooklyn,Ocean Parkway South,Boro Zone,0.012966569407986468,0.01147842056932966,314,170,0.057408844065166775,1289,1363,false,61.44140418929402,60.47259721203227
121,dropoff,Queens,Hillcrest/Pomonok,Boro Zone,0.012939995548048314,0.012554402410445262,364,171,-0.07291333546530221,3127,2899,false,41.91410617204989,42.431976543635734
67,dropoff,Brooklyn,Dyker Heights,Boro Zone,0.012845513232285123,0.012315270935960592,757,172,0.006393180607352056,1877,1889,false,64.41992541289291,61.85211752249867
98,dropoff,Queens,Fresh Meadows,Boro Zone,0.012775982872889695,0.012073451364126377,282,173,-0.0868210151380232,2246,2051,false,47.20906945681212,47.54820087762067
242,dropoff,Bronx,Van Nest/Morris Park,Boro Zone,0.012711810838149798,0.01240900066181337,278,174,0.0658119658119658,2340,2494,false,51.65717948717949,48.443969526864464
18,dropoff,Bronx,Bedford Park,Boro Zone,0.01267862461660946,0.01254180602006689,338,175,0.06642259414225937,1912,2039,false,58.967118200836815,57.23683178028445
165,dropoff,Brooklyn,Midwood,Boro Zone,0.012664641601084365,0.011602722772277228,834,176,0.04895782840523499,4126,4328,false,56.3738778477945,54.35630314232902
200,dropoff,Bronx,Riverdale/North Riverdale/Fieldston,Boro Zone,0.012497406278895878,0.012609280430396773,1730,177,0.015257980325235954,4981,5057,false,67.56644649668746,67.32633181728305
77,dropoff,Brooklyn,East New York/Pennsylvania Avenue,Boro Zone,0.012480195584622397,0.011237638597542704,154,178,0.13864578535237215,2171,2472,false,41.26082911100874,39.139170711974096
76,dropoff,Brooklyn,East New York,Boro Zone,0.012462882169718961,0.011055424528301886,433,179,0.1395928091834524,9234,10523,false,37.78486571366687,37.59353226266271
138,dropoff,Queens,LaGuardia Airport,Airports,0.012324696209844915,0.012167423750811162,113415,180,-0.03781475368066556,180538,173711,false,59.89534696296386,60.75801733914159
53,dropoff,Queens,College Point,Boro Zone,0.012312787116503595,0.011597342838997965,192,181,-0.09612481127327632,1987,1796,false,45.034192249622556,44.7986302895323
31,dropoff,Bronx,Bronx Park,Boro Zone,0.012280362618891741,0.012175324675324676,368,182,0.01122194513715713,802,811,false,57.891683291770576,57.673982737361264
73,dropoff,Queens,East Flushing,Boro Zone,0.012275931481236825,0.012038523274478331,117,183,-0.06427015250544665,918,859,false,47.2996623093682,46.976612339930156
32,dropoff,Bronx,Bronxdale,Boro Zone,0.01223695896940849,0.011848341232227489,163,184,-0.05716586151368763,1242,1171,false,58.94383252818034,58.962049530315966
20,dropoff,Bronx,Belmont,Boro Zone,0.012230568108911846,0.012254901960784314,445,185,0.002375296912114022,1684,1688,false,58.48527909738715,58.444372037914675
91,dropoff,Brooklyn,Flatlands,Boro Zone,0.012201554575460214,0.010894828588030215,375,186,0.04391175222740773,4714,4921,false,47.85423419601187,44.39283275756959
171,dropoff,Queens,Murray Hill-Queens,Boro Zone,0.01219802874686456,0.011561664109685918,410,187,-0.125,2496,2184,false,46.75648637820513,48.859093406593416
124,dropoff,Queens,Howard Beach,Boro Zone,0.012118869898730024,0.010454418734318372,263,188,0.09101689890305376,3373,3680,false,35.88591165134895,35.11287228260869
208,dropoff,Bronx,Schuylerville/Edgewater Park,Boro Zone,0.012113266788132277,0.011916110581506196,327,189,-0.06568364611260058,2238,2091,false,60.41516979445935,59.30656145384984
22,dropoff,Brooklyn,Bensonhurst West,Boro Zone,0.012098076661528678,0.011651595395498988,632,190,0.0569485762855928,2353,2487,false,61.14719082022949,56.880184961801376
39,dropoff,Brooklyn,Canarsie,Boro Zone,0.012075371976703338,0.010445682451253482,271,191,0.08729266235591782,7114,7735,false,43.72119201574358,41.11721008403357
38,dropoff,Queens,Cambria Heights,Boro Zone,0.01203723647297455,0.008805952659948442,148,192,0.08308004052684903,2961,3207,false,42.45675785207699,42.716810102899906
185,dropoff,Bronx,Pelham Parkway,Boro Zone,0.01201444336630351,0.01203948960320481,256,193,-0.009334163036714416,1607,1592,false,60.42070317361543,58.54452261306531
252,dropoff,Queens,Whitestone,Boro Zone,0.011999644230616738,0.01153047896735693,314,194,-0.006744763933262288,2817,2798,false,48.313493077742294,48.22383130807719
131,dropoff,Queens,Jamaica Estates,Boro Zone,0.01194552801178171,0.011140855363497713,336,195,-0.010399740006499791,3077,3045,false,45.333519662008456,45.94553366174057
11,dropoff,Brooklyn,Bath Beach,Boro Zone,0.011931979861464558,0.01112099644128114,231,196,-0.02521823472356932,1031,1005,false,63.58354025218235,60.93254726368158
9,dropoff,Queens,Auburndale,Boro Zone,0.011835162671495054,0.011729746637472631,157,197,-0.04557640750670244,1492,1424,false,50.17825067024128,49.29240870786517
51,dropoff,Bronx,Co-Op City,Boro Zone,0.011776040242844205,0.010677676537585423,211,198,0.16614420062695934,2871,3348,false,60.235733194009086,56.989145758661934
183,dropoff,Bronx,Pelham Bay,Boro Zone,0.011583285140304038,0.01146788990825688,117,199,0.1390625000000001,640,729,false,61.481875,58.995967078189295
259,dropoff,Bronx,Woodlawn/Wakefield,Boro Zone,0.011511666080233948,0.01146788990825688,231,200,-0.03405017921146958,1674,1617,false,70.69144563918758,67.90499072356214
174,dropoff,Bronx,Norwood,Boro Zone,0.011438084306610277,0.011264644037248424,236,201,0.12624584717607967,1806,2034,false,59.03440199335549,55.2620255653884
21,dropoff,Brooklyn,Bensonhurst East,Boro Zone,0.01125629797705101,0.010890084831025267,394,202,0.024670109007458363,1743,1786,false,59.164446356855976,56.574025755879056
123,dropoff,Brooklyn,Homecrest,Boro Zone,0.011227078283397373,0.010677676537585423,493,203,0.05972323379461031,2746,2910,false,56.109985433357615,53.90506529209622
175,dropoff,Queens,Oakland Gardens,Boro Zone,0.011221938829329672,0.010894828588030215,164,204,-0.02530044275774823,1581,1541,false,52.99511068943705,53.45948734587931
254,dropoff,Bronx,Williamsbridge/Olinville,Boro Zone,0.011025757061206698,0.010714285714285714,195,205,0.09208761734465809,2237,2443,false,61.84025480554315,59.46293082275891
149,dropoff,Brooklyn,Madison,Boro Zone,0.011013555773287298,0.010775862068965518,299,206,0.04439252336448596,2140,2235,false,56.85605607476634,54.196657718120804
64,dropoff,Queens,Douglaston,Boro Zone,0.010851382471001321,0.010067114093959731,207,207,0.0026001040041601087,1923,1928,false,56.909017160686446,56.53999999999999
16,dropoff,Queens,Bayside,Boro Zone,0.01073200011682556,0.010560406357061286,326,208,-0.022834645669291387,2540,2482,false,55.37062992125984,55.241946011281215
108,dropoff,Brooklyn,Gravesend,Boro Zone,0.010612964807256056,0.009973404255319148,189,209,0.02291825821237592,1309,1339,false,58.5261038961039,53.802935026138904
81,dropoff,Bronx,Eastchester,Boro Zone,0.010500497383148262,0.01028105786142722,112,210,0.05515004055150041,1233,1301,false,64.1603406326034,62.877040737893914
15,dropoff,Queens,Bay Terrace/Fort Totten,Boro Zone,0.010499585540959226,0.01020408163265306,191,211,-0.071195652173913,1840,1709,false,55.05276086956522,54.847858396723225
55,dropoff,Brooklyn,Coney Island,Boro Zone,0.010350505512799769,0.00962278675904542,499,212,0.38697068403908785,3070,4258,false,58.195205211726396,54.954389384687644
155,dropoff,Brooklyn,Marine Park/Mill Basin,Boro Zone,0.010243106019141732,0.00997075316434219,336,213,0.18580263511696682,3719,4410,false,52.20216993815539,49.02996371882084
265,dropoff,N/A,Outside of NYC,N/A,0.009570607726243373,0.007832080200501253,20041,214,0.06256823971854897,65944,70070,false,113.85109790124982,114.18000413871894
150,dropoff,Brooklyn,Manhattan Beach,Boro Zone,0.009545774999266425,0.00888209625213406,162,215,0.024105754276827263,1286,1317,false,57.61405909797822,58.043196659073644
29,dropoff,Brooklyn,Brighton Beach,Boro Zone,0.009479218688742281,0.00904704463208685,364,216,-0.0101500441306267,2266,2243,false,59.58763018534864,57.9640971912617
132,dropoff,Queens,JFK Airport,Airports,0.00947441774524078,0.009266123054114159,93313,217,-0.0508318458510687,174792,165907,false,72.06712395302553,74.64209358253596
210,dropoff,Brooklyn,Sheepshead Bay,Boro Zone,0.009269410669241484,0.008934953538241601,331,218,0.046798029556650356,2842,2975,false,56.51973961998593,53.40711596638655
206,dropoff,Staten Island,Saint George/New Brighton,Boro Zone,0.007764353353532843,0.007738373851795226,120,219,-0.04629629629629628,324,309,false,107.77262345679013,107.50012944983818
118,dropoff,Staten Island,Heartland Village/Todt Hill,Boro Zone,0.00758037345490767,0.007531632858003615,143,220,0.35125448028673834,279,377,false,108.03397849462367,106.30466843501327
23,dropoff,Staten Island,Bloomfield/Emerson Hill,Boro Zone,0.007354147649061472,0.00722305244125515,100,221,-0.05555555555555558,324,306,false,114.67256172839507,116.15937908496731
201,dropoff,Queens,Rockaway Park,Boro Zone,0.007134865883694832,0.006809515162520429,215,222,0.030599755201958345,1634,1684,false,68.75193390452877,68.52687054631832
1,dropoff,EWR,Newark Airport,EWR,0.006716630982443197,0.006643046944198406,30442,223,-0.16717195641875893,42220,35162,false,114.57526101373828,116.50851345202115
105,dropoff,Manhattan,Governor's Island/Ellis Island/Liberty Island,Yellow Zone,0.02760108581152257,0.02760108581152257,2,224,,,2,true,,28.0
8,dropoff,Queens,Astoria Park,Boro Zone,0.022971563940900882,0.023076923076923078,80,225,-0.062200956937799035,209,196,false,37.97377990430622,33.57336734693878
2,dropoff,Queens,Jamaica Bay,Boro Zone,0.022593061889486562,0.00744490768314473,3,226,0.0625,32,34,true,42.774375000000006,45.64205882352942
86,dropoff,Queens,Far Rockaway,Boro Zone,0.021030070148058525,0.007800272786497198,74,227,0.1322580645161291,3100,3510,false,51.588348387096794,51.863982905982944
207,dropoff,Queens,Saint Michaels Cemetery/Woodside,Boro Zone,0.018727237790344277,0.014210282636533457,38,228,-0.19179304192685098,1121,906,false,12.393282783229264,16.80004415011038
111,dropoff,Brooklyn,Green-Wood Cemetery,Boro Zone,0.01581315813516311,0.01450194293883612,48,229,-0.05384615384615388,130,123,false,55.86146153846154,53.84317073170731
203,dropoff,Queens,Rosedale,Boro Zone,0.015775573474649418,0.011021307861866276,65,230,-0.004213938411669393,3085,3072,false,36.89702431118314,35.99376953124999
96,dropoff,Queens,Forest Park/Highland Park,Boro Zone,0.015090381805442392,0.01349649484589498,56,231,-0.029082774049216997,447,434,false,44.4079418344519,43.40859447004609
57,dropoff,Queens,Corona,Boro Zone,0.014936819818037093,0.01378695105632375,48,232,-0.18490566037735845,265,216,false,40.05603773584906,43.03592592592593
154,dropoff,Brooklyn,Marine Park/Floyd Bennett Field,Boro Zone,0.013748950634666602,0.014634369208716087,40,233,0.3301476976542137,1151,1531,false,48.158410078192894,47.510431090790355
240,dropoff,Bronx,Van Cortlandt Park,Boro Zone,0.013050904900262806,0.01228798660078001,86,234,-0.10769230769230764,455,406,false,56.00074725274725,54.56716748768472
59,dropoff,Bronx,Crotona Park,Boro Zone,0.012999047636960805,0.012755692336171787,12,235,-0.17582417582417587,91,75,true,56.496373626373625,50.455200000000005
253,dropoff,Queens,Willets Point,Boro Zone,0.012750951544115353,0.012181259997720836,38,236,0.17708333333333326,192,226,false,42.53463541666667,44.246327433628316
122,dropoff,Queens,Hollis,Boro Zone,0.012716214732762654,0.010469011725293131,81,237,-0.11954887218045118,1330,1171,false,44.03560902255639,46.21111870196413
101,dropoff,Queens,Glen Oaks,Boro Zone,0.012144674401467895,0.009725127280797918,98,238,0.10205580029368577,1362,1501,false,55.90793685756241,53.20277814790141
58,dropoff,Bronx,Country Club,Boro Zone,0.011681715948797113,0.011873381671423287,52,239,-0.002557544757033292,391,390,false,64.62240409207162,63.42858974358975
184,dropoff,Bronx,Pelham Bay Park,Boro Zone,0.011524999355256606,0.011645962732919254,25,240,-0.0672268907563025,119,111,false,66.36941176470589,61.659819819819816
222,dropoff,Brooklyn,Starrett City,Boro Zone,0.01128910229572197,0.010460251046025104,59,241,0.14311270125223619,2236,2556,false,39.66520125223612,38.68983959311423
6,dropoff,Staten Island,Arrochar/Fort Wadsworth,Boro Zone,0.010161786264878408,0.008977735216662676,93,242,-0.10948905109489049,411,366,false,66.09109489051096,64.02650273224044
46,dropoff,Bronx,City Island,Boro Zone,0.009979907844767566,0.010115996762881036,73,243,0.019138755980861344,418,426,false,72.8098086124402,71.96823943661973
214,dropoff,Staten Island,South Beach/Dongan Hills,Boro Zone,0.009478253237278132,0.008398690338512803,92,244,0.13008130081300817,246,278,false,88.68605691056909,89.81611510791369
30,dropoff,Queens,Broad Channel,Boro Zone,0.009081559049946793,0.008475991287726924,20,245,-0.019736842105263164,152,149,false,48.758486842105256,51.11302013422819
221,dropoff,Staten Island,Stapleton,Boro Zone,0.008740429970152723,0.008643566224852073,92,246,-0.028301886792452824,318,309,false,86.30396226415093,89.23766990291266
115,dropoff,Staten Island,Grymes Hill/Clifton,Boro Zone,0.008567889876117746,0.008173510055341386,60,247,-0.014925373134328401,201,198,false,100.26378109452735,98.42772727272727
245,dropoff,Staten Island,West Brighton,Boro Zone,0.007807251720200463,0.0076437015898899304,79,248,0.0,176,176,false,103.81875,107.05028409090909
117,dropoff,Queens,Hammels/Arverne,Boro Zone,0.007713637556223629,0.007102272727272728,75,249,0.0390702274975272,2022,2101,false,58.376706231454,58.86834364588297
251,dropoff,Staten Island,Westerleigh,Boro Zone,0.007539776509032219,0.007466440339001515,94,250,0.04347826086956519,207,216,false,101.79835748792271,109.83148148148149
172,dropoff,Staten Island,New Dorp/Midland Beach,Boro Zone,0.007506988318442036,0.007413281098136552,62,251,0.5443037974683544,158,244,false,97.60981012658227,81.47446721311475
176,dropoff,Staten Island,Oakwood,Boro Zone,0.0074745098713878905,0.007040931280510703,41,252,0.07000000000000006,100,107,false,114.66789999999999,115.6995327102804
187,dropoff,Staten Island,Port Richmond,Boro Zone,0.007355961621052514,0.007238460627971457,44,253,-0.140625,128,110,false,108.35382812499999,114.00063636363635
27,dropoff,Queens,Breezy Point/Fort Tilden/Riis Beach,Boro Zone,0.00727370903624348,0.00683433570256971,41,254,-0.031746031746031744,315,305,false,77.05165079365078,74.41934426229508
156,dropoff,Staten Island,Mariners Harbor,Boro Zone,0.007176527077910571,0.007318501170960187,39,255,0.08588957055214719,163,177,false,111.03417177914108,110.43141242937854
109,dropoff,Staten Island,Great Kills,Boro Zone,0.006420592545671538,0.006682109764789736,41,256,0.06349206349206349,126,134,false,124.13563492063493,126.49455223880598
204,dropoff,Staten Island,Rossville/Woodrow,Boro Zone,0.005801425469280754,0.006238562635168857,27,257,0.1929824561403508,57,68,true,141.07877192982457,141.29955882352942
5,dropoff,Staten Island,Arden Heights,Boro Zone,0.0057596684302728424,0.005994245524296675,15,258,-0.3098591549295775,71,49,true,132.7850704225352,141.95204081632653
84,dropoff,Staten Island,Eltingville/Annadale/Prince's Bay,Boro Zone,0.005613426628036834,0.005693896143334346,53,259,0.05384615384615388,130,137,false,136.1156153846154,136.20817518248177
44,dropoff,Staten Island,Charleston/Tottenville,Boro Zone,0.005386352354224278,0.0055728934462773065,35,260,0.27142857142857135,70,89,true,150.3174285714286,143.19662921348313
99,dropoff,Staten Island,Freshkills Park,Boro Zone,0.004643482915549733,0.004643482915549733,2,261,-0.33333333333333337,3,2,true,78.74,172.94
90,pickup,Manhattan,Flatiron,Yellow Zone,0.04747302181425968,0.046583850931677016,235158,1,-0.023232641074050764,247884,242125,false,19.958078052637518,20.008776169334016
50,pickup,Manhattan,Clinton West,Yellow Zone,0.04629517807392551,0.045454545454545456,75181,2,-0.07545034642032333,86600,80066,false,20.854587066974638,20.91794257237781
137,pickup,Manhattan,Kips Bay,Yellow Zone,0.04623687585039469,0.045454545454545456,142690,3,-0.050678087080656686,158313,150290,false,19.693037084762473,20.268506287843515
229,pickup,Manhattan,Sutton Place/Turtle Bay North,Yellow Zone,0.04619883657055683,0.045454545454545456,254119,4,-0.07662744404140498,282575,260922,false,19.192459913297338,20.166566598447062
107,pickup,Manhattan,Gramercy,Yellow Zone,0.046169123680631995,0.04573170731707318,285732,5,-0.04184629421444519,306885,294043,false,19.524903498053042,20.106238985454496
113,pickup,Manhattan,Greenwich Village North,Yellow Zone,0.04607633612903235,0.04573170731707318,213588,6,0.009327910879949775,216876,218899,false,19.66643040262641,19.95850757655363
48,pickup,Manhattan,Clinton East,Yellow Zone,0.0458451076247287,0.04573170731707318,369419,7,-0.03307870703338911,396267,383159,false,21.01717185634915,21.191643677950818
234,pickup,Manhattan,Union Sq,Yellow Zone,0.04545282925877142,0.044642857142857144,421971,8,0.04074015994981961,414505,431392,false,19.76079251154981,20.09096879404338
249,pickup,Manhattan,West Village,Yellow Zone,0.045008508078274015,0.044642857142857144,327111,9,-0.04610900097164561,350951,334769,false,19.901411963493423,20.189022221292813
142,pickup,Manhattan,Lincoln Square East,Yellow Zone,0.044977681864103565,0.044642857142857144,288415,10,-0.04266626087872594,512583,490713,false,19.08530667228518,19.35367094411592
224,pickup,Manhattan,Stuy Town/Peter Cooper Village,Yellow Zone,0.0449344054385378,0.043859649122807015,14113,11,-0.06840796019900497,16080,14980,false,20.602693407960192,20.91170961281709
79,pickup,Manhattan,East Village,Yellow Zone,0.044793385136020956,0.043859649122807015,328832,12,-0.00763463968546696,341077,338473,false,19.95779592291476,20.349352090122363
143,pickup,Manhattan,Lincoln Square West,Yellow Zone,0.044668644658685676,0.043859649122807015,75446,13,-0.03681513745267995,161401,155459,false,18.53480591817895,18.76050096810093
170,pickup,Manhattan,Murray Hill,Yellow Zone,0.04461015175101941,0.0436046511627907,423436,14,-0.030755651362026515,450909,437041,false,21.259894812478446,21.30776185758289
164,pickup,Manhattan,Midtown South,Yellow Zone,0.044435076723909415,0.043859649122807015,324764,15,-0.03974834262532734,349046,335172,false,21.873746955988466,21.999714564462227
237,pickup,Manhattan,Upper East Side South,Yellow Zone,0.04440582540109586,0.0436046511627907,410943,16,0.051915023730075394,752210,791261,false,17.821772257747163,18.059865101401435
100,pickup,Manhattan,Garment District,Yellow Zone,0.04413971138868607,0.043859649122807015,225793,17,-0.025362453646860406,241893,235758,false,22.09486649055582,22.132702007991302
114,pickup,Manhattan,Greenwich Village South,Yellow Zone,0.04409489687521727,0.043859649122807015,215831,18,0.037381073016945265,213156,221124,false,19.990756300549847,20.453584188057395
233,pickup,Manhattan,UN/Turtle Bay South,Yellow Zone,0.04393300068326969,0.04285714285714286,158873,19,-0.10776801101199829,184526,164640,false,22.660928866392904,22.786630041302274
162,pickup,Manhattan,Midtown East,Yellow Zone,0.043541974276393,0.04285714285714286,537561,20,-0.01305162152444228,559011,551715,false,21.253861390920353,21.659325684456352
141,pickup,Manhattan,Lenox Hill West,Yellow Zone,0.04348747750365199,0.042134831460674156,164648,21,-0.01603658451049983,356435,350719,false,18.045817273836654,18.060389628163737
163,pickup,Manhattan,Midtown North,Yellow Zone,0.04337594223525028,0.04285714285714286,440386,22,-0.013250696918326144,459523,453434,false,21.68904720764772,22.279326098175037
125,pickup,Manhattan,Hudson Sq,Yellow Zone,0.043265738290389884,0.04285714285714286,74315,23,0.009385598233299097,76074,76788,false,21.57842561190422,22.228563707871
161,pickup,Manhattan,Midtown Center,Yellow Zone,0.04237998683778605,0.04189944134078213,741081,24,0.014590605405419899,749729,760668,false,21.843287948044765,22.946469537300988
4,pickup,Manhattan,Alphabet City,Yellow Zone,0.04234998561549877,0.04054054054054054,18220,25,0.1891470076235069,16659,19810,false,21.6085671408848,21.871110550227165
211,pickup,Manhattan,SoHo,Yellow Zone,0.042319247280831154,0.04189944134078213,119898,26,0.04588705638692492,117811,123217,false,21.386642758316306,21.8212896759376
144,pickup,Manhattan,Little Italy/NoLiTa,Yellow Zone,0.04222875353232593,0.04120879120879121,149245,27,0.07103836544952236,143697,153905,false,21.454261188472977,21.833774796140485
186,pickup,Manhattan,Penn Station/Madison Sq West,Yellow Zone,0.042100277563486624,0.04120879120879121,542141,28,0.06442477404826397,525776,559649,false,22.16720209747098,22.054292601255238
246,pickup,Manhattan,West Chelsea/Hudson Yards,Yellow Zone,0.041802180953791075,0.04032258064516129,254390,29,0.014216521489422762,261175,264888,false,21.60295522159477,21.807451224668544
68,pickup,Manhattan,East Chelsea,Yellow Zone,0.041762946449460374,0.03968253968253969,400958,30,-0.004030916551348351,414794,413122,false,22.671577313075712,22.68767613441056
158,pickup,Manhattan,Meatpacking/West Village West,Yellow Zone,0.04145131455579741,0.04054054054054054,137608,31,-0.000803552548107378,141870,141756,false,21.985816310707015,22.412113631874497
148,pickup,Manhattan,Lower East Side,Yellow Zone,0.04120959358639901,0.03968253968253969,150426,32,0.012483157131011557,154368,156295,false,22.377945040422915,22.650185290636283
230,pickup,Manhattan,Times Sq/Theatre District,Yellow Zone,0.04110961041350635,0.04120879120879121,521808,33,0.018246493436432365,533856,543597,false,25.2724695423475,25.238860332193735
231,pickup,Manhattan,TriBeCa/Civic Center,Yellow Zone,0.04030437048399277,0.038860103626943004,195047,34,-0.0005245380878380335,203989,203882,false,23.6707753849472,24.07224806505725
43,pickup,Manhattan,Central Park,Yellow Zone,0.03998902019081531,0.038265306122448974,142100,35,-0.07003591987828028,255012,237152,false,19.979731934183512,20.194693698556215
264,pickup,Unknown,N/A,N/A,0.03864023424169326,0.038265306122448974,21201,36,-0.34974443776307873,53216,34604,false,25.919195918520778,27.533431684198376
232,pickup,Manhattan,Two Bridges/Seward Park,Yellow Zone,0.03854894410294951,0.03640776699029126,13452,37,0.012447084096796512,15827,16024,false,25.472440133948314,25.687529331003496
45,pickup,Manhattan,Chinatown,Yellow Zone,0.03840577409813796,0.03640776699029126,20694,38,0.12103617686467172,20151,22590,false,25.963161629695815,25.919459052678178
140,pickup,Manhattan,Lenox Hill East,Yellow Zone,0.03822854249912617,0.03694581280788177,128517,39,-0.002259294440486559,303192,302507,false,20.05103426211773,20.21560036627244
239,pickup,Manhattan,Upper West Side South,Yellow Zone,0.03721196837732402,0.03694581280788177,133268,40,-0.06765919101546114,436127,406619,false,18.862316068484482,18.884350091854866
236,pickup,Manhattan,Upper East Side North,Yellow Zone,0.035904709869434406,0.03571428571428571,216354,41,0.0022489974081856268,676746,678268,false,18.182883607734603,18.239267841030312
263,pickup,Manhattan,Yorkville West,Yellow Zone,0.03541435462305221,0.03456221198156682,80178,42,-0.028258743571162204,284266,276233,false,19.376222411403255,18.196604605532137
209,pickup,Manhattan,Seaport,Yellow Zone,0.03533830210151697,0.032051282051282055,24361,43,-0.0293325462125964,27103,26308,false,27.500480758587603,27.56030332978563
146,pickup,Queens,Long Island City/Queens Plaza,Boro Zone,0.0348873441523911,0.03456221198156682,2218,44,-0.014992972044354236,6403,6307,false,23.42745275652039,25.308607895988587
262,pickup,Manhattan,Yorkville East,Yellow Zone,0.03461833160252771,0.03409090909090909,60344,45,-0.027729951073702463,198053,192561,false,19.214867636440736,19.234844023452332
261,pickup,Manhattan,World Trade Center,Yellow Zone,0.03402482323705161,0.030241935483870965,70922,46,-0.01788309800664456,77056,75678,false,29.445412816652848,29.167503501678187
87,pickup,Manhattan,Financial District North,Yellow Zone,0.03366139931954145,0.029761904761904764,76409,47,0.06926950458813619,74867,80053,false,28.793292772516622,28.611066043746046
13,pickup,Manhattan,Battery Park City,Yellow Zone,0.03357710152371366,0.030120481927710847,84889,48,0.010753910512913745,87968,88914,false,28.675146985267396,29.10781305531188
238,pickup,Manhattan,Upper West Side North,Yellow Zone,0.03273077947563076,0.032467532467532464,62616,49,-0.07325784379953582,299026,277120,false,18.60158772146893,18.582756134526463
88,pickup,Manhattan,Financial District South,Yellow Zone,0.03181772582983564,0.027472527472527472,38828,50,0.02427728757373382,41026,42022,false,30.2872366304295,30.316578458902484
12,pickup,Manhattan,Battery Park,Yellow Zone,0.03172744539442393,0.02613240418118467,5107,51,-0.0750893921334923,5873,5432,false,30.041929167376132,29.84192378497792
65,pickup,Brooklyn,Downtown Brooklyn/MetroTech,Boro Zone,0.031229607069334572,0.028517110266159697,2996,52,-0.03598910855925186,8447,8143,false,29.574072451758028,29.629611936632685
256,pickup,Brooklyn,Williamsburg (South Side),Boro Zone,0.029077772560255215,0.02707581227436823,1333,53,0.29598715890850724,3115,4037,false,28.424561797752812,29.57497151350012
151,pickup,Manhattan,Manhattan Valley,Yellow Zone,0.028829908031801677,0.02895752895752896,20049,54,-0.06893238254184997,118638,110460,false,18.478753940558704,18.406507695093246
75,pickup,Manhattan,East Harlem South,Boro Zone,0.028803430947560642,0.02819548872180451,14708,55,-0.020359668246992202,86691,84926,false,19.332156279198593,19.359338718413742
97,pickup,Brooklyn,Fort Greene,Boro Zone,0.02839726628222029,0.028517110266159697,1446,56,0.16268350973028345,5858,6811,false,25.85343974052577,25.883556012332985
33,pickup,Brooklyn,Brooklyn Heights,Boro Zone,0.027364008566095808,0.025252525252525252,1884,57,0.02594339622641506,5936,6090,false,27.811081536388134,28.727001642036125
66,pickup,Brooklyn,DUMBO/Vinegar Hill,Boro Zone,0.026973908535553124,0.023809523809523808,2683,58,0.458957150232318,3874,5652,false,29.0437790397522,29.554663835810338
24,pickup,Manhattan,Bloomingdale,Yellow Zone,0.02675550132052834,0.026785714285714284,6113,59,-0.09270232756779839,37464,33991,false,19.338482009395698,19.15973757759408
7,pickup,Queens,Astoria,Boro Zone,0.02640227227890469,0.026785714285714284,1334,60,0.033036657112686774,6629,6848,false,22.965945089757138,25.152316004672905
193,pickup,Queens,Queensbridge/Ravenswood,Boro Zone,0.02601955873048452,0.023291925465838508,364,61,-0.23499192719800377,6813,5212,false,16.6629473066197,17.487935533384498
255,pickup,Brooklyn,Williamsburg (North Side),Boro Zone,0.02596714256450506,0.024671052631578948,1834,62,0.49885844748858443,3504,5252,false,25.736914954337898,26.148497715156132
25,pickup,Brooklyn,Boerum Hill,Boro Zone,0.025715734743861626,0.02459016393442623,986,63,0.09484193011647246,5409,5922,false,26.267909040488078,27.422581898007433
179,pickup,Queens,Old Astoria,Boro Zone,0.025517426910549194,0.024350649350649352,428,64,0.13031161473087827,2118,2394,false,24.08394711992446,25.883863826232247
74,pickup,Manhattan,East Harlem North,Boro Zone,0.025405302205291948,0.024350649350649352,2427,65,-0.028278648142674112,30447,29586,false,19.789306007159997,20.334691746096144
226,pickup,Queens,Sunnyside,Boro Zone,0.02515019181127659,0.025510204081632654,2318,66,0.15069417662938678,10372,11935,false,35.45803991515614,45.47413070800172
41,pickup,Manhattan,Central Harlem,Boro Zone,0.024678446068384218,0.023809523809523808,3880,67,-0.0019173157579388533,33380,33316,false,19.203759436788502,19.438543942850288
34,pickup,Brooklyn,Brooklyn Navy Yard,Boro Zone,0.02433844180863762,0.023809523809523808,210,68,0.8376383763837638,271,498,false,28.609077490774908,33.191506024096384
166,pickup,Manhattan,Morningside Heights,Boro Zone,0.024279804769949027,0.02403846153846154,10585,69,-0.03701727077310801,67455,64958,false,20.304492921206773,20.354037685889377
112,pickup,Brooklyn,Greenpoint,Boro Zone,0.024020097504419247,0.023584905660377357,544,70,0.39694254085397995,1897,2650,false,30.149061676331037,29.258335849056596
40,pickup,Brooklyn,Carroll Gardens,Boro Zone,0.02382333716102121,0.02166562920858915,302,71,-0.09455958549222798,1544,1398,false,24.913432642487045,25.80587267525036
52,pickup,Brooklyn,Cobble Hill,Boro Zone,0.02348053405250877,0.02142857142857143,660,72,-0.0859021783806001,2433,2224,false,25.778355939169753,26.097171762589923
49,pickup,Brooklyn,Clinton Hill,Boro Zone,0.023051633959112684,0.023510971786833857,155,73,0.2923875432525951,2312,2988,false,29.028334775086503,28.658125836680053
152,pickup,Manhattan,Manhattanville,Boro Zone,0.02279652114738866,0.022522522522522525,1062,74,-0.1202851885924563,8696,7650,false,20.17464121435142,21.054016993464046
181,pickup,Brooklyn,Park Slope,Boro Zone,0.02269225399564808,0.02167630057803468,659,75,0.16525612472160356,4490,5232,false,27.891115812917597,27.370030581039757
116,pickup,Manhattan,Hamilton Heights,Boro Zone,0.022004053436493854,0.02142857142857143,1227,76,-0.04722881173172311,9274,8836,false,23.05169182661203,23.080882752376645
37,pickup,Brooklyn,Bushwick South,Boro Zone,0.02154677031448,0.020833333333333332,138,77,0.3607784431137724,2004,2727,false,30.140918163672655,30.081228456178945
189,pickup,Brooklyn,Prospect Heights,Boro Zone,0.021528791990686445,0.020634650317892824,142,78,0.08895478131949597,1349,1469,false,26.809962935507784,27.948890401633765
42,pickup,Manhattan,Central Harlem North,Boro Zone,0.02141804264801065,0.020833333333333332,752,79,0.014360220047152872,13997,14198,false,23.387830963777922,23.633966051556527
80,pickup,Brooklyn,East Williamsburg,Boro Zone,0.021175502605570874,0.01968503937007874,549,80,0.2196442382057231,2586,3154,false,33.357188708429995,35.30915345592898
145,pickup,Queens,Long Island City/Hunters Point,Boro Zone,0.01942396585010209,0.015644555694618274,1440,81,0.034838306514607176,12802,13248,false,27.619757069207896,30.44619187801931
36,pickup,Brooklyn,Bushwick North,Boro Zone,0.018773322097128033,0.018656716417910446,165,82,0.583148558758315,902,1428,false,30.65961197339247,29.669404761904765
244,pickup,Manhattan,Washington Heights South,Boro Zone,0.018701802453901944,0.018796992481203006,1050,83,0.10489757475865313,8494,9385,false,28.112276901342128,27.640287693127323
243,pickup,Manhattan,Washington Heights North,Boro Zone,0.017019685444918862,0.017006802721088433,211,84,0.2176966292134832,2136,2601,false,31.92851123595505,30.276485966935795
260,pickup,Queens,Woodside,Boro Zone,0.016215552904266666,0.014889820648163913,664,85,0.08702108702108702,3367,3660,false,34.599310959310955,39.55434972677597
247,pickup,Bronx,West Concourse,Boro Zone,0.01550028650090649,0.015231519090170592,182,86,0.2504719949653871,1589,1987,false,33.477186910006296,36.39608958228484
265,pickup,N/A,Outside of NYC,N/A,0.015438429938958389,0.009266123054114159,281,87,-0.05039193729003355,8037,7632,false,98.93947119571979,99.08450602725361
129,pickup,Queens,Jackson Heights,Boro Zone,0.015227670613358713,0.013611615245009074,437,88,0.3535248041775456,3830,5184,false,36.97897650130549,47.74359760802468
195,pickup,Brooklyn,Red Hook,Boro Zone,0.01500072711833863,0.014880952380952382,790,89,0.4216926070038911,2056,2923,false,57.493516536964975,54.04632911392405
157,pickup,Queens,Maspeth,Boro Zone,0.014738872939648498,0.013392857142857142,645,90,0.6975476839237058,1468,2492,false,48.99540871934602,50.31580256821829
223,pickup,Queens,Steinway,Boro Zone,0.014158623824373644,0.013407222023596711,509,91,0.14130064691862443,2937,3352,false,44.343350357507646,49.30505071599047
216,pickup,Queens,South Ozone Park,Boro Zone,0.012877399932347421,0.009266123054114159,218,92,0.5977398413080068,4159,6645,false,62.01905025246451,72.93697817908202
207,pickup,Queens,Saint Michaels Cemetery/Woodside,Boro Zone,0.012874494283422279,0.011673328488372093,180,93,-0.019023986765922207,1209,1186,false,14.415880893300251,27.547403035413154
70,pickup,Queens,East Elmhurst,Boro Zone,0.012479805809536353,0.012439873942610716,28224,94,-0.17950134368468196,66980,54957,false,57.04453015825699,57.59954145968729
138,pickup,Queens,LaGuardia Airport,Airports,0.012082391528326651,0.012098725600903372,266588,95,-0.03398285182148386,539066,520747,false,59.1160171852813,59.90819321090737
196,pickup,Queens,Rego Park,Boro Zone,0.010750538061057368,0.009266123054114159,120,96,0.19708737864077674,1030,1233,false,45.04691262135923,51.100551500405494
82,pickup,Queens,Elmhurst,Boro Zone,0.010595730103756654,0.009266123054114159,358,97,0.0241411327762302,2154,2206,false,39.73366295264622,39.7853127833182
93,pickup,Queens,Flushing Meadows-Corona Park,Boro Zone,0.010484075087450162,0.009266123054114159,757,98,0.09406540169559952,2477,2710,false,67.37585789261206,68.61358671586719
130,pickup,Queens,Jamaica,Boro Zone,0.009927916447231122,0.009266123054114159,597,99,0.16587377101173484,3153,3676,false,48.36593720266414,49.85404787812841
56,pickup,Queens,Corona,Boro Zone,0.009482576588723597,0.009266123054114159,194,100,-0.023430962343096273,1195,1167,false,45.00959832635983,46.8873179091688
28,pickup,Queens,Briarwood/Jamaica Hills,Boro Zone,0.009401021117813565,0.009266123054114159,244,101,-0.16465352828989188,1573,1314,false,50.8303941513032,56.63643074581428
132,pickup,Queens,JFK Airport,Airports,0.009163049250527319,0.009070020558713266,311199,102,0.035117620112635084,742220,768285,false,72.85033573603263,72.70175488262988
215,pickup,Queens,South Jamaica,Boro Zone,0.008917576671673068,0.009266123054114159,632,103,-0.10295126973232671,2914,2614,false,57.232282086479096,60.53615914307578
10,pickup,Queens,Baisley Park,Boro Zone,0.008909726083921734,0.009070020558713266,1812,104,-0.10943464824577354,5501,4899,false,67.21742410470806,73.03877730148993
219,pickup,Queens,Springfield Gardens South,Boro Zone,0.0088255974931547,0.009070020558713266,565,105,0.13777372262773713,2192,2494,false,67.68422901459856,72.3822975140337
153,pickup,Manhattan,Marble Hill,Boro Zone,0.1875,0.1875,1,106,0.09444444444444455,180,197,false,32.794777777777774,35.09253807106599
248,pickup,Bronx,West Farms/Bronx River,Boro Zone,0.03999086335818904,0.013331248104337275,10,107,0.21588946459412783,579,704,false,35.866770293609676,38.096463068181826
188,pickup,Brooklyn,Prospect-Lefferts Gardens,Boro Zone,0.038536386635891505,0.016757436112274822,38,108,0.17397998460354125,3897,4575,false,30.663838850397738,29.586504918032784
123,pickup,Brooklyn,Homecrest,Boro Zone,0.03405634457533513,0.010832996292874821,8,109,0.2325581395348837,946,1166,false,34.43103594080338,32.08890222984563
6,pickup,Staten Island,Arrochar/Fort Wadsworth,Boro Zone,0.030479080664540876,0.03082614056720099,9,110,0.4671052631578947,152,223,false,25.509276315789467,22.296098654708516
167,pickup,Bronx,Morrisania/Melrose,Boro Zone,0.026862096039330943,0.015306122448979591,11,111,0.21969006381039202,1097,1338,false,34.37587967183228,36.11292227204783
72,pickup,Brooklyn,East Flatbush/Remsen Village,Boro Zone,0.02631032034293601,0.012458471760797342,15,112,0.1788706739526411,2745,3236,false,30.64818943533697,29.994740420271935
54,pickup,Brooklyn,Columbia Street,Boro Zone,0.025962770132312258,0.02021563342318059,59,113,0.39224137931034475,232,323,false,30.704051724137937,35.334427244582045
60,pickup,Bronx,Crotona Park East,Boro Zone,0.02578709363859551,0.015202739377934604,4,114,0.19089316987740812,571,680,false,38.52252189141857,39.12888235294118
121,pickup,Queens,Hillcrest/Pomonok,Boro Zone,0.025004266634874452,0.01103915219311157,3,115,-0.16489361702127658,940,785,false,34.67638297872341,37.615592356687905
217,pickup,Brooklyn,South Williamsburg,Boro Zone,0.02490523498160606,0.02381336370692175,50,116,0.19965870307167233,586,703,false,27.93288395904437,29.002972972972973
257,pickup,Brooklyn,Windsor Terrace,Boro Zone,0.024847097357560757,0.0153766694669707,18,117,0.2925,400,517,false,35.49637500000001,35.26061895551258
106,pickup,Brooklyn,Gowanus,Boro Zone,0.0247241883881628,0.022123893805309734,53,118,0.15270935960591125,609,702,false,29.31197044334975,27.755940170940175
17,pickup,Brooklyn,Bedford,Boro Zone,0.023807012055004274,0.02013861857186108,68,119,0.12219644238205718,2586,2902,false,28.717173240525902,27.371092350103368
254,pickup,Bronx,Williamsbridge/Olinville,Boro Zone,0.023750538928155655,0.009405568096313018,3,120,0.31271186440677967,1180,1549,false,43.394949152542374,44.14110393802451
111,pickup,Brooklyn,Green-Wood Cemetery,Boro Zone,0.023619828035873532,0.023619828035873532,2,121,-0.09090909090909094,22,20,true,40.145454545454555,30.666000000000004
212,pickup,Bronx,Soundview/Bruckner,Boro Zone,0.02317585621943266,0.012883572486221493,6,122,0.46666666666666656,465,682,false,36.628559139784954,38.303431085044004
202,pickup,Manhattan,Roosevelt Island,Boro Zone,0.02205474502074576,0.021246458923512748,69,123,0.16981132075471694,689,806,false,33.10973875181423,35.988511166253105
11,pickup,Brooklyn,Bath Beach,Boro Zone,0.020791270683150103,0.012433534719415471,6,124,0.23199999999999998,375,462,false,44.57469333333333,42.12155844155844
173,pickup,Queens,North Corona,Boro Zone,0.020536784437189055,0.014302059496567507,11,125,0.09615384615384626,364,399,false,34.18791208791208,35.80065162907268
168,pickup,Bronx,Mott Haven/Port Morris,Boro Zone,0.019270492216250285,0.018472906403940885,63,126,-0.038631790744466765,2485,2389,false,29.024792756539224,30.35645039765591
89,pickup,Brooklyn,Flatbush/Ditmas Park,Boro Zone,0.01889359442623148,0.013975650200611905,34,127,0.21576299608719962,3578,4350,false,31.605813303521515,31.459864367816092
199,pickup,Bronx,Rikers Island,Boro Zone,0.018840691159559695,0.013851540198866842,6,128,0.6000000000000001,5,8,true,51.78000000000001,44.225
61,pickup,Brooklyn,Crown Heights North,Boro Zone,0.018808955948635343,0.016910935738444193,75,129,0.2220837043633126,5615,6862,false,29.586952804986648,28.68774264062956
252,pickup,Queens,Whitestone,Boro Zone,0.01866753456215525,0.014008218154650729,11,130,-0.05179282868525892,251,238,false,44.522031872509956,42.11731092436975
190,pickup,Brooklyn,Prospect Park,Boro Zone,0.01859262541455917,0.018180697645753727,30,131,0.26881720430107525,279,354,false,29.269820788530467,26.873728813559325
225,pickup,Brooklyn,Stuyvesant Heights,Boro Zone,0.018577130275250674,0.01662971175166297,56,132,0.25388967468175383,2828,3546,false,29.29538896746816,29.788970671178777
77,pickup,Brooklyn,East New York/Pennsylvania Avenue,Boro Zone,0.018547898455983505,0.009837355718782791,5,133,0.3277591973244147,1196,1588,false,34.13506688963211,34.4658249370277
182,pickup,Bronx,Parkchester,Boro Zone,0.018014918521522892,0.015306122448979591,5,134,0.13910093299406268,1179,1343,false,40.27819338422392,39.15963514519731
62,pickup,Brooklyn,Crown Heights South,Boro Zone,0.018009533836676788,0.016483516483516484,20,135,0.07799043062200961,2090,2253,false,28.36490909090909,27.926972924988906
8,pickup,Queens,Astoria Park,Boro Zone,0.01771395534886091,0.01079800766536708,10,136,0.5333333333333334,60,92,true,70.73466666666668,59.45141304347827
32,pickup,Bronx,Bronxdale,Boro Zone,0.017609767551068325,0.017609767551068325,1,137,0.20723684210526305,608,734,false,42.68447368421053,42.20376021798366
159,pickup,Bronx,Melrose South,Boro Zone,0.017303484242334317,0.018159806295399518,15,138,0.19213313161875956,1322,1576,false,31.928040847201217,31.581579949238577
127,pickup,Manhattan,Inwood,Boro Zone,0.01671297650855738,0.014792899408284023,63,139,0.03555941023417164,1153,1194,false,36.72913269731137,33.64565326633167
206,pickup,Staten Island,Saint George/New Brighton,Boro Zone,0.016614975631369072,0.016614975631369072,1,140,0.07692307692307687,13,14,true,79.64769230769231,76.11357142857142
126,pickup,Bronx,Hunts Point,Boro Zone,0.016586974717250673,0.014343447340101997,8,141,0.32730923694779124,498,661,false,36.74949799196787,35.77644478063541
47,pickup,Bronx,Claremont/Bathgate,Boro Zone,0.016549361182101378,0.01447876447876448,19,142,0.23199023199023205,819,1009,false,37.5599877899878,39.699345887016854
208,pickup,Bronx,Schuylerville/Edgewater Park,Boro Zone,0.016411147591012653,0.012127971042635275,14,143,0.09532374100719432,556,609,false,40.84669064748203,39.931822660098526
131,pickup,Queens,Jamaica Estates,Boro Zone,0.016202033937421,0.009488866396761133,9,144,0.04281767955801108,724,755,false,37.25698895027625,42.41970860927153
198,pickup,Queens,Ridgewood,Boro Zone,0.01585091169254083,0.015822784810126583,41,145,0.2325905292479109,718,885,false,30.950961002785515,31.591774011299435
83,pickup,Queens,Elmhurst/Maspeth,Boro Zone,0.01580082375712286,0.016483516483516484,54,146,0.3276904474002418,827,1098,false,41.69604594921403,48.199080145719485
128,pickup,Manhattan,Inwood Hill Park,Boro Zone,0.015527950310559008,0.015527950310559008,1,147,-0.18279569892473113,93,76,true,37.117956989247304,31.098157894736843
69,pickup,Bronx,East Concourse/Concourse Village,Boro Zone,0.015399820229855067,0.015446453987231101,12,148,0.1889020070838252,1694,2014,false,34.152272727272724,34.53358987090366
194,pickup,Manhattan,Randalls Island,Yellow Zone,0.015353401640526511,0.013930163447251113,82,149,-0.04938271604938271,567,539,false,60.657266313933,55.20617810760669
136,pickup,Bronx,Kingsbridge Heights,Boro Zone,0.015273167007412373,0.0135623869801085,9,150,0.53184165232358,581,890,false,38.09975903614458,39.31674157303372
241,pickup,Bronx,Van Cortlandt Village,Boro Zone,0.0152496390567925,0.0152496390567925,2,151,0.2071856287425149,835,1008,false,40.88390419161677,40.703581349206345
214,pickup,Staten Island,South Beach/Dongan Hills,Boro Zone,0.015108783239323126,0.015108783239323126,1,152,0.6111111111111112,18,29,true,62.17888888888889,47.031724137931036
213,pickup,Bronx,Soundview/Castle Hill,Boro Zone,0.015071426126159578,0.014113662024840046,19,153,0.04675324675324677,1540,1612,false,38.32496753246752,39.16845533498757
169,pickup,Bronx,Mount Hope,Boro Zone,0.014953434654178846,0.015090543259557344,24,154,0.22860238353196105,923,1134,false,36.84162513542796,40.56451499118166
259,pickup,Bronx,Woodlawn/Wakefield,Boro Zone,0.014910783014151729,0.014571651033403762,4,155,0.3327645051194539,586,781,false,46.94505119453925,47.21843790012804
78,pickup,Bronx,East Tremont,Boro Zone,0.014703580969680118,0.012857382453479406,8,156,0.24506749740394596,963,1199,false,36.70267912772587,40.64700583819851
227,pickup,Brooklyn,Sunset Park East,Boro Zone,0.014555727375760262,0.012327416173570018,9,157,0.4813359528487229,509,754,false,38.41447937131631,34.79147214854112
119,pickup,Bronx,Highbridge,Boro Zone,0.014474776338698214,0.015,80,158,0.3474484256243213,921,1241,false,37.23017372421282,38.13257856567285
120,pickup,Manhattan,Highbridge Park,Boro Zone,0.014458133562064277,0.0135623869801085,5,159,0.11290322580645151,62,69,true,41.722903225806455,44.63318840579711
228,pickup,Brooklyn,Sunset Park West,Boro Zone,0.014455139301400667,0.013852973771702993,73,160,0.30811808118081174,1084,1418,false,37.38221402214022,35.701911142454165
133,pickup,Brooklyn,Kensington,Boro Zone,0.014332712057574925,0.014404414661243134,20,161,0.1362359550561798,712,809,false,35.36744382022472,34.858343634116196
250,pickup,Bronx,Westchester Village/Unionport,Boro Zone,0.014291897443397263,0.013663691018400438,7,162,0.3631386861313868,548,747,false,36.34824817518249,38.057751004016076
46,pickup,Bronx,City Island,Boro Zone,0.014285714285714285,0.014285714285714285,1,163,0.26249999999999996,80,101,true,51.4285,49.92970297029703
235,pickup,Bronx,University Heights/Morris Heights,Boro Zone,0.014219044969317085,0.014913746119760193,4,164,0.130048465266559,1238,1399,false,39.53286752827141,37.62942816297356
15,pickup,Queens,Bay Terrace/Fort Totten,Boro Zone,0.013919682631530336,0.014763779527559057,3,165,-0.2142857142857143,182,143,false,48.81703296703297,52.19895104895105
20,pickup,Bronx,Belmont,Boro Zone,0.013904154469776652,0.011773940345368916,15,166,0.2068965517241379,580,700,false,38.15255172413793,39.7052142857143
94,pickup,Bronx,Fordham South,Boro Zone,0.013649524077873967,0.013748854262144823,5,167,0.15999999999999992,425,493,false,38.468941176470594,37.208843813387425
19,pickup,Queens,Bellerose,Boro Zone,0.013621939388474478,0.008977735216662676,5,168,-0.022267206477732837,494,483,false,45.940101214574916,45.97409937888199
147,pickup,Bronx,Longwood,Boro Zone,0.013561632955628507,0.013561632955628507,2,169,0.027131782945736482,516,530,false,35.67224806201551,35.83635849056605
160,pickup,Queens,Middle Village,Boro Zone,0.013510436317349496,0.010212418300653595,35,170,0.21561338289962828,538,654,false,44.602992565055764,50.91333333333334
221,pickup,Staten Island,Stapleton,Boro Zone,0.013405329706785188,0.013405329706785188,2,171,-0.09523809523809523,21,19,true,55.863809523809515,41.68052631578948
53,pickup,Queens,College Point,Boro Zone,0.013359546282192731,0.013671192032251853,80,172,0.7642276422764227,246,434,false,44.16321138211383,41.93836405529954
57,pickup,Queens,Corona,Boro Zone,0.01333897001392068,0.013197297163886592,4,173,0.4285714285714286,42,60,true,38.813095238095244,49.06650000000001
171,pickup,Queens,Murray Hill-Queens,Boro Zone,0.01278410152061909,0.012587076631491289,4,174,0.0993788819875776,322,354,false,40.46885093167702,42.29669491525424
3,pickup,Bronx,Allerton/Pelham Gardens,Boro Zone,0.012628388617612393,0.012628388617612393,1,175,0.11683168316831694,505,564,false,43.08720792079209,43.818475177304975
14,pickup,Brooklyn,Bay Ridge,Boro Zone,0.01252673633973978,0.010942515319521446,64,176,0.2932917316692667,1923,2487,false,40.77674986999479,39.517808604744666
165,pickup,Brooklyn,Midwood,Boro Zone,0.012523176586920828,0.012768130745658836,9,177,0.08250166333998665,1503,1627,false,31.066387225548905,30.793282114320835
102,pickup,Queens,Glendale,Boro Zone,0.01249461118326166,0.01308501332242459,12,178,0.20596205962059622,369,445,false,34.75544715447154,37.76065168539326
183,pickup,Bronx,Pelham Bay,Boro Zone,0.012395323845218272,0.012395323845218272,2,179,0.157258064516129,248,287,false,43.91862903225807,45.319094076655055
95,pickup,Queens,Forest Hills,Boro Zone,0.012390945164156536,0.0130117973629424,71,180,0.020495303159692613,2342,2390,false,36.329598633646434,38.69629707112968
192,pickup,Queens,Queensboro Hill,Boro Zone,0.012310681549767,0.013562729693891223,6,181,-0.012396694214875992,242,239,false,35.572148760330585,36.32213389121339
58,pickup,Bronx,Country Club,Boro Zone,0.012248938691565733,0.012248938691565733,2,182,3.75,16,76,true,45.22,44.499473684210535
39,pickup,Brooklyn,Canarsie,Boro Zone,0.012236364056244805,0.008875879963445847,18,183,0.20375335120643423,3730,4490,false,37.0887908847185,36.51268374164812
85,pickup,Brooklyn,Erasmus,Boro Zone,0.012162836656950081,0.010894828588030215,9,184,0.1831091180866966,1338,1583,false,31.506883408071747,30.85498420720152
59,pickup,Bronx,Crotona Park,Boro Zone,0.012108492089118503,0.012108492089118503,1,185,-0.45833333333333337,24,13,true,48.251666666666665,42.317692307692305
200,pickup,Bronx,Riverdale/North Riverdale/Fieldston,Boro Zone,0.011867242773717273,0.012100677637947725,7,186,0.2539325842696629,445,558,false,44.076,44.94591397849462
22,pickup,Brooklyn,Bensonhurst West,Boro Zone,0.011856736999611091,0.011856736999611091,2,187,0.1200417536534446,958,1073,false,37.85229645093946,34.22547064305686
220,pickup,Bronx,Spuyten Duyvil/Kingsbridge,Boro Zone,0.011826236270347134,0.011833385926159672,18,188,0.34100719424460424,695,932,false,38.540417266187056,39.42089055793991
242,pickup,Bronx,Van Nest/Morris Park,Boro Zone,0.011777283965833451,0.01240900066181337,7,189,0.35265104808877923,811,1097,false,37.634944512946994,38.34759343664541
35,pickup,Brooklyn,Brownsville,Boro Zone,0.01177319192528746,0.012092020371625128,6,190,0.17311731173117306,3333,3910,false,31.16398439843983,32.32353708439898
253,pickup,Queens,Willets Point,Boro Zone,0.011685767700340455,0.011790101270608647,4,191,0.1132075471698113,53,59,true,57.87358490566038,49.979491525423725
92,pickup,Queens,Flushing,Boro Zone,0.011650416566132481,0.012134291602253933,20,192,0.036926147704590795,1002,1039,false,40.66150698602795,39.89400384985564
96,pickup,Queens,Forest Park/Highland Park,Boro Zone,0.011566181180591528,0.011127692632010317,6,193,0.7872340425531914,47,84,true,42.304255319148936,44.37654761904762
9,pickup,Queens,Auburndale,Boro Zone,0.011528628904576527,0.011528628904576527,2,194,-0.21317829457364346,258,203,false,34.97705426356589,36.232561576354676
71,pickup,Brooklyn,East Flatbush/Farragut,Boro Zone,0.01142111495509722,0.010927349697460467,6,195,0.31319148936170205,2350,3086,false,29.614017021276585,28.31491250810109
135,pickup,Queens,Kew Gardens Hills,Boro Zone,0.011418323410230222,0.010135135135135136,15,196,0.18740157480314967,635,754,false,38.311543307086616,41.184111405835566
174,pickup,Bronx,Norwood,Boro Zone,0.011356753482737734,0.011356753482737734,1,197,0.4194008559201141,701,995,false,43.67352353780315,43.526713567839195
64,pickup,Queens,Douglaston,Boro Zone,0.011208179445841347,0.010135135135135136,11,198,-0.196078431372549,204,164,false,54.52563725490196,44.83317073170732
178,pickup,Brooklyn,Ocean Parkway South,Boro Zone,0.010952389297360258,0.011533126568271433,4,199,0.23452768729641704,307,379,false,33.830032573289905,32.261846965699206
31,pickup,Bronx,Bronx Park,Boro Zone,0.010931114181278458,0.010851045931595409,14,200,0.3466666666666667,75,101,true,45.70426666666666,43.443564356435644
73,pickup,Queens,East Flushing,Boro Zone,0.010882990032098205,0.010106171831494665,4,201,0.07594936708860756,158,170,false,39.803481012658224,41.06699999999999
26,pickup,Brooklyn,Borough Park,Boro Zone,0.010866134490296627,0.011160714285714286,5,202,0.20872540633019665,1169,1413,false,33.17868263473055,30.36539985845718
76,pickup,Brooklyn,East New York,Boro Zone,0.01077217707883072,0.010135135135135136,17,203,0.22137687882724078,5389,6582,false,35.18737056967898,36.26856730477057
240,pickup,Bronx,Van Cortlandt Park,Boro Zone,0.01063220674032298,0.010872716729486807,3,204,0.8769230769230769,65,122,true,49.02061538461539,41.42926229508197
67,pickup,Brooklyn,Dyker Heights,Boro Zone,0.01050188206825514,0.0126206593447676,4,205,0.08974358974358965,390,425,false,35.22392307692308,34.813529411764705
149,pickup,Brooklyn,Madison,Boro Zone,0.010491221920983928,0.009628317174522071,4,206,0.23636363636363633,715,884,false,35.54751048951049,36.419841628959276
185,pickup,Bronx,Pelham Parkway,Boro Zone,0.010437908001186517,0.010556202679091438,4,207,0.22336065573770503,488,597,false,37.69206967213115,40.86566164154105
16,pickup,Queens,Bayside,Boro Zone,0.010422501347718072,0.009448686424308884,8,208,0.07664233576642343,274,295,false,43.064270072992706,41.880033898305086
187,pickup,Staten Island,Port Richmond,Boro Zone,0.010367708045341442,0.010367708045341442,1,209,-0.4,5,3,true,25.82,114.13666666666666
98,pickup,Queens,Fresh Meadows,Boro Zone,0.010230098438428292,0.010133345107735782,4,210,-0.09375,352,319,false,39.986250000000005,36.389467084639506
18,pickup,Bronx,Bedford Park,Boro Zone,0.01022794637657043,0.01022794637657043,2,211,0.4226804123711341,679,966,false,41.08745213549338,40.620486542443054
258,pickup,Queens,Woodhaven,Boro Zone,0.010225993232092308,0.009266123054114159,11,212,0.09426229508196715,732,801,false,37.709904371584706,39.53273408239701
63,pickup,Brooklyn,Cypress Hills,Boro Zone,0.010209057758048423,0.010027885027885028,14,213,0.24457142857142866,875,1089,false,36.44285714285715,37.11088154269973
155,pickup,Brooklyn,Marine Park/Mill Basin,Boro Zone,0.010152750266767045,0.009316770186335404,9,214,0.33607230895645035,1217,1626,false,37.11114215283484,34.1449815498155
108,pickup,Brooklyn,Gravesend,Boro Zone,0.009916058994139363,0.009289076046569235,5,215,0.2693298969072164,776,985,false,42.10713917525773,39.624538071066
197,pickup,Queens,Richmond Hill,Boro Zone,0.009851301183615851,0.009266123054114159,73,216,0.5627022653721683,2472,3863,false,47.907629449838176,59.32286305979807
115,pickup,Staten Island,Grymes Hill/Clifton,Boro Zone,0.009764353599791694,0.009764353599791694,1,217,0.0,15,15,true,87.19266666666667,66.87933333333334
91,pickup,Brooklyn,Flatlands,Boro Zone,0.009716998025555494,0.00981373290730023,6,218,0.15459459459459457,2775,3204,false,32.49239279279278,31.879653558052425
177,pickup,Brooklyn,Ocean Hill,Boro Zone,0.00967590191397733,0.009814403010605544,6,219,0.14668615984405453,2052,2353,false,32.628065302144236,31.93513387165319
134,pickup,Queens,Kew Gardens,Boro Zone,0.009478640798362307,0.009266123054114159,88,220,0.27541371158392436,1692,2158,false,57.884462174940886,67.41019925857277
55,pickup,Brooklyn,Coney Island,Boro Zone,0.009467763215057831,0.009126687258228107,18,221,0.3890339425587468,1915,2660,false,45.39988511749344,47.063139097744354
124,pickup,Queens,Howard Beach,Boro Zone,0.009360573478979534,0.00872093023255814,49,222,-0.033973412112260015,677,654,false,49.94751846381093,54.418822629969426
101,pickup,Queens,Glen Oaks,Boro Zone,0.009330914006185154,0.009405568096313018,3,223,0.5655737704918034,244,382,false,49.45467213114755,41.032617801047124
191,pickup,Queens,Queens Village,Boro Zone,0.00930721886622554,0.009266123054114159,3,224,-0.17622950819672134,1464,1206,false,45.97178961748631,44.013449419568815
51,pickup,Bronx,Co-Op City,Boro Zone,0.009277616529198363,0.009442650763779146,6,225,0.030179028132992336,1955,2014,false,46.55116624040916,46.85681231380334
2,pickup,Queens,Jamaica Bay,Boro Zone,0.009271200233035891,0.009266123054114159,7,226,0.1578947368421053,19,22,true,51.759473684210526,60.39318181818182
27,pickup,Queens,Breezy Point/Fort Tilden/Riis Beach,Boro Zone,0.009266123054114159,0.009266123054114159,1,227,0.09090909090909083,22,24,true,48.94954545454546,49.43625
105,pickup,Manhattan,Governor's Island/Ellis Island/Liberty Island,Yellow Zone,0.009266123054114159,0.009266123054114159,1,228,-0.5,2,1,true,25.549999999999997,81.69
203,pickup,Queens,Rosedale,Boro Zone,0.009266123054114159,0.009266123054114159,1,229,-0.07738095238095233,840,775,false,50.85060714285714,48.13225806451614
154,pickup,Brooklyn,Marine Park/Floyd Bennett Field,Boro Zone,0.009224078603022363,0.009266123054114159,12,230,-0.12857142857142856,210,183,false,38.03947619047619,42.83721311475411
81,pickup,Bronx,Eastchester,Boro Zone,0.00913384426121105,0.008928571428571428,5,231,0.45945945945945943,592,864,false,45.27069256756757,46.10575231481483
201,pickup,Queens,Rockaway Park,Boro Zone,0.008884361460697338,0.008884361460697338,2,232,0.22608695652173916,345,423,false,51.619072463768134,54.034302600472806
23,pickup,Staten Island,Bloomfield/Emerson Hill,Boro Zone,0.008832940295352913,0.008832940295352913,2,233,0.1200000000000001,25,28,true,84.13159999999999,89.31285714285714
180,pickup,Queens,Ozone Park,Boro Zone,0.00882739220242306,0.008727018850360717,12,234,0.20412844036697253,436,525,false,44.62087155963303,50.771714285714296
184,pickup,Bronx,Pelham Bay Park,Boro Zone,0.00878708447515787,0.00878708447515787,2,235,0.16666666666666674,36,42,true,62.908055555555556,121.48190476190476
218,pickup,Queens,Springfield Gardens North,Boro Zone,0.00876400734832597,0.008552856654122478,5,236,-0.09139465875370922,1685,1531,false,42.288456973293755,43.916146309601544
210,pickup,Brooklyn,Sheepshead Bay,Boro Zone,0.008753800395614169,0.009440836010126928,4,237,0.2564885496183207,1310,1646,false,42.81541221374045,41.11930741190764
175,pickup,Queens,Oakland Gardens,Boro Zone,0.008727018850360717,0.008727018850360717,1,238,-0.2794612794612794,297,214,false,40.5706734006734,41.35004672897197
150,pickup,Brooklyn,Manhattan Beach,Boro Zone,0.008690395371944224,0.009254703134155922,6,239,0.07972665148063784,439,474,false,41.06608200455582,44.01732067510549
222,pickup,Brooklyn,Starrett City,Boro Zone,0.008640243225809106,0.009266123054114159,3,240,0.11800219538968171,1822,2037,false,37.871289791437974,36.372341678939605
205,pickup,Queens,Saint Albans,Boro Zone,0.008047602201619052,0.008047602201619052,2,241,-0.029495178672717004,1763,1711,false,42.66707317073169,44.512478082992374
139,pickup,Queens,Laurelton,Boro Zone,0.007910324275551042,0.008226608891414898,12,242,0.05422446406052961,793,836,false,49.9874527112232,48.75988038277512
38,pickup,Queens,Cambria Heights,Boro Zone,0.00787234141476839,0.008122157244964262,26,243,0.005420054200542035,738,742,false,48.8280081300813,53.46614555256064
29,pickup,Brooklyn,Brighton Beach,Boro Zone,0.007533936593315756,0.007634364820846906,5,244,-0.10302457466918713,1058,949,false,44.782429111531194,41.544236037934674
117,pickup,Queens,Hammels/Arverne,Boro Zone,0.007338918849074183,0.007321358844201484,3,245,0.08497723823975711,1318,1430,false,51.8871927162367,54.1563986013986
1,pickup,EWR,Newark Airport,EWR,0.007238979415635531,0.0070251030348445105,55,246,-0.03313391624482287,2173,2101,false,91.23573400828347,88.86641123274632
86,pickup,Queens,Far Rockaway,Boro Zone,0.006419556606341489,0.006468500043933616,4,247,0.06864826610049546,1413,1510,false,53.9882944090587,56.18604635761586
118,pickup,Staten Island,Heartland Village/Todt Hill,Boro Zone,0.005663712366955768,0.005663712366955768,2,248,2.25,8,26,true,65.01,63.109230769230756
