zone,direction,n_2024,n_2025,pct_volume_change,avg_total_cost_2024,avg_total_cost_2025,avg_distance_2024,avg_distance_2025,low_n_flag
1,dropoff,42220,35162,-0.1672,114.58,116.51,17.375,17.139,false
1,pickup,2173,2101,-0.0331,91.24,88.87,0.859,0.908,false
2,dropoff,32,34,0.0625,42.77,45.64,9.126,9.335,true
2,pickup,19,22,0.1579,51.76,60.39,11.528,13.703,true
3,dropoff,1242,1151,-0.0733,62.78,63.05,13.177,14.034,false
3,pickup,505,564,0.1168,43.09,43.82,9.304,10.38,false
4,dropoff,56127,55344,-0.014,22.38,22.98,2.899,2.875,false
4,pickup,16659,19810,0.1891,21.61,21.87,2.729,2.665,false
5,dropoff,71,49,-0.3099,132.79,141.95,29.163,28.642,true
5,pickup,2,2,0.0,61.25,118.0,0.0,0.0,true
6,dropoff,411,366,-0.1095,66.09,64.03,14.438,13.118,false
6,pickup,152,223,0.4671,25.51,22.3,6.828,6.259,false
7,dropoff,36318,32766,-0.0978,33.03,33.12,5.388,5.368,false
7,pickup,6629,6848,0.033,22.97,25.15,3.046,3.234,false
8,dropoff,209,196,-0.0622,37.97,33.57,6.78,5.374,false
8,pickup,60,92,0.5333,70.73,59.45,8.199,5.316,true
9,dropoff,1492,1424,-0.0456,50.18,49.29,10.343,10.129,false
9,pickup,258,203,-0.2132,34.98,36.23,6.528,7.57,false
10,dropoff,13937,15186,0.0896,30.8,30.49,5.217,5.103,false
10,pickup,5501,4899,-0.1094,67.22,73.04,11.789,12.064,false
11,dropoff,1031,1005,-0.0252,63.58,60.93,14.617,13.365,false
11,pickup,375,462,0.232,44.57,42.12,9.876,9.023,false
12,dropoff,8978,7871,-0.1233,28.57,28.49,4.284,4.148,false
12,pickup,5873,5432,-0.0751,30.04,29.84,4.393,4.229,false
13,dropoff,109752,106535,-0.0293,29.83,30.36,4.851,4.833,false
13,pickup,87968,88914,0.0108,28.68,29.11,4.382,4.35,false
14,dropoff,9668,10140,0.0488,64.1,62.78,13.966,13.542,false
14,pickup,1923,2487,0.2933,40.78,39.52,8.954,8.315,false
15,dropoff,1840,1709,-0.0712,55.05,54.85,11.66,11.699,false
15,pickup,182,143,-0.2143,48.82,52.2,9.954,10.943,false
16,dropoff,2540,2482,-0.0228,55.37,55.24,11.954,12.011,false
16,pickup,274,295,0.0766,43.06,41.88,8.291,8.965,false
17,dropoff,15622,15449,-0.0111,44.88,44.45,8.109,7.917,false
17,pickup,2586,2902,0.1222,28.72,27.37,4.906,4.604,false
18,dropoff,1912,2039,0.0664,58.97,57.24,12.446,12.316,false
18,pickup,679,966,0.4227,41.09,40.62,8.821,9.632,false
19,dropoff,2110,2117,0.0033,49.33,48.58,10.559,10.481,false
19,pickup,494,483,-0.0223,45.94,45.97,8.623,8.548,false
20,dropoff,1684,1688,0.0024,58.49,58.44,11.977,11.864,false
20,pickup,580,700,0.2069,38.15,39.71,7.761,8.59,false
21,dropoff,1743,1786,0.0247,59.16,56.57,13.08,12.205,false
21,pickup,656,810,0.2348,39.47,35.28,8.033,7.283,false
22,dropoff,2353,2487,0.0569,61.15,56.88,13.371,12.182,false
22,pickup,958,1073,0.12,37.85,34.23,7.769,7.05,false
23,dropoff,324,306,-0.0556,114.67,116.16,23.181,23.372,false
23,pickup,25,28,0.12,84.13,89.31,9.856,8.324,true
24,dropoff,49081,46563,-0.0513,22.51,22.77,3.22,3.234,false
24,pickup,37464,33991,-0.0927,19.34,19.16,2.483,2.415,false
25,dropoff,25573,27094,0.0595,45.03,45.17,8.447,8.442,false
25,pickup,5409,5922,0.0948,26.27,27.42,4.17,4.37,false
26,dropoff,4451,4621,0.0382,62.81,59.96,13.261,12.468,false
26,pickup,1169,1413,0.2087,33.18,30.37,6.124,5.361,false
27,dropoff,315,305,-0.0317,77.05,74.42,17.21,16.456,false
27,pickup,22,24,0.0909,48.95,49.44,6.319,7.8,true
28,dropoff,5018,5176,0.0315,38.28,37.95,7.258,7.0,false
28,pickup,1573,1314,-0.1647,50.83,56.64,8.376,8.446,false
29,dropoff,2266,2243,-0.0102,59.59,57.96,13.401,13.244,false
29,pickup,1058,949,-0.103,44.78,41.54,9.867,9.763,false
30,dropoff,152,149,-0.0197,48.76,51.11,10.409,11.051,false
30,pickup,15,13,-0.1333,36.57,38.04,5.127,6.445,true
31,dropoff,802,811,0.0112,57.89,57.67,12.026,11.851,false
31,pickup,75,101,0.3467,45.7,43.44,7.11,8.623,true
32,dropoff,1242,1171,-0.0572,58.94,58.96,12.312,12.659,false
32,pickup,608,734,0.2072,42.68,42.2,9.532,10.122,false
33,dropoff,40085,41789,0.0425,39.1,39.53,7.167,7.226,false
33,pickup,5936,6090,0.0259,27.81,28.73,4.488,4.704,false
34,dropoff,1828,1705,-0.0673,36.85,37.71,6.156,6.288,false
34,pickup,271,498,0.8376,28.61,33.19,4.061,4.472,false
35,dropoff,4482,4953,0.1051,39.3,38.26,7.681,7.731,false
35,pickup,3333,3910,0.1731,31.16,32.32,6.188,6.495,false
36,dropoff,8696,8865,0.0194,44.49,43.25,8.069,7.702,false
36,pickup,902,1428,0.5831,30.66,29.67,4.74,4.613,false
37,dropoff,14307,15162,0.0598,43.11,42.38,7.781,7.513,false
37,pickup,2004,2727,0.3608,30.14,30.08,5.189,5.148,false
38,dropoff,2961,3207,0.0831,42.46,42.72,9.049,9.192,false
38,pickup,738,742,0.0054,48.83,53.47,11.381,12.234,false
39,dropoff,7114,7735,0.0873,43.72,41.12,9.199,8.696,false
39,pickup,3730,4490,0.2038,37.09,36.51,7.455,7.452,false
40,dropoff,13578,13824,0.0181,47.73,48.77,9.203,9.308,false
40,pickup,1544,1398,-0.0946,24.91,25.81,3.414,3.198,false
41,dropoff,85769,81603,-0.0486,26.3,26.94,4.024,4.124,false
41,pickup,33380,33316,-0.0019,19.2,19.44,2.537,2.651,false
42,dropoff,53471,49487,-0.0745,30.99,31.35,5.19,5.3,false
42,pickup,13997,14198,0.0144,23.39,23.63,3.623,3.904,false
43,dropoff,181484,166523,-0.0824,19.84,20.06,2.175,2.13,false
43,pickup,255012,237152,-0.07,19.98,20.19,2.179,2.136,false
44,dropoff,70,89,0.2714,150.32,143.2,32.08,30.99,true
44,pickup,5,7,0.4,110.64,60.42,8.806,2.939,true
45,dropoff,39898,40946,0.0263,25.87,25.89,3.598,3.49,false
45,pickup,20151,22590,0.121,25.96,25.92,3.41,3.375,false
46,dropoff,418,426,0.0191,72.81,71.97,16.093,16.113,false
46,pickup,80,101,0.2625,51.43,49.93,12.289,11.086,true
47,dropoff,1599,1469,-0.0813,48.8,48.37,9.425,9.968,false
47,pickup,819,1009,0.232,37.56,39.7,7.659,9.042,false
48,dropoff,369198,361007,-0.0222,24.0,24.1,2.846,2.751,false
48,pickup,396267,383159,-0.0331,21.02,21.19,2.45,2.363,false
49,dropoff,20241,21523,0.0633,44.02,43.82,8.069,7.921,false
49,pickup,2312,2988,0.2924,29.03,28.66,5.006,5.007,false
50,dropoff,159800,152038,-0.0486,21.35,21.5,2.377,2.341,false
50,pickup,86600,80066,-0.0755,20.85,20.92,2.489,2.399,false
51,dropoff,2871,3348,0.1661,60.24,56.99,13.114,13.137,false
51,pickup,1955,2014,0.0302,46.55,46.86,10.56,11.659,false
52,dropoff,10131,10794,0.0654,43.66,44.13,8.259,8.307,false
52,pickup,2433,2224,-0.0859,25.78,26.1,3.992,3.945,false
53,dropoff,1987,1796,-0.0961,45.03,44.8,8.757,8.579,false
53,pickup,246,434,0.7642,44.16,41.94,8.543,7.884,false
54,dropoff,3437,3763,0.0949,47.25,46.83,9.108,8.827,false
54,pickup,232,323,0.3922,30.7,35.33,4.93,4.394,false
55,dropoff,3070,4258,0.387,58.2,54.95,13.463,12.573,false
55,pickup,1915,2660,0.389,45.4,47.06,10.865,11.047,false
56,dropoff,3872,5015,0.2952,40.77,40.92,7.753,8.321,false
56,pickup,1195,1167,-0.0234,45.01,46.89,7.016,7.438,false
57,dropoff,265,216,-0.1849,40.06,43.04,7.134,7.425,false
57,pickup,42,60,0.4286,38.81,49.07,6.708,7.429,true
58,dropoff,391,390,-0.0026,64.62,63.43,13.551,13.212,false
58,pickup,16,76,3.75,45.22,44.5,10.216,10.328,true
59,dropoff,91,75,-0.1758,56.5,50.46,9.079,9.975,true
59,pickup,24,13,-0.4583,48.25,42.32,10.737,7.22,true
60,dropoff,1105,960,-0.1312,51.16,49.44,10.301,10.232,false
60,pickup,571,680,0.1909,38.52,39.13,8.63,9.016,false
61,dropoff,21255,22627,0.0645,46.44,44.89,8.737,8.379,false
61,pickup,5615,6862,0.2221,29.59,28.69,5.428,5.214,false
62,dropoff,6738,6936,0.0294,47.51,46.94,8.992,8.768,false
62,pickup,2090,2253,0.078,28.36,27.93,5.142,5.115,false
63,dropoff,2833,2961,0.0452,40.19,39.5,7.987,7.776,false
63,pickup,875,1089,0.2446,36.44,37.11,6.801,6.699,false
64,dropoff,1923,1928,0.0026,56.91,56.54,12.383,12.561,false
64,pickup,204,164,-0.1961,54.53,44.83,8.097,9.668,false
65,dropoff,22755,22461,-0.0129,41.35,41.72,7.652,7.624,false
65,pickup,8447,8143,-0.036,29.57,29.63,4.873,4.656,false
66,dropoff,20121,22641,0.1252,35.61,35.8,6.11,6.058,false
66,pickup,3874,5652,0.459,29.04,29.55,4.401,4.44,false
67,dropoff,1877,1889,0.0064,64.42,61.85,13.909,13.161,false
67,pickup,390,425,0.0897,35.22,34.81,6.553,6.774,false
68,dropoff,393935,393777,-0.0004,21.67,22.13,2.519,2.485,false
68,pickup,414794,413122,-0.004,22.67,22.69,2.482,2.425,false
69,dropoff,4874,4743,-0.0269,44.89,44.25,8.489,8.473,false
69,pickup,1694,2014,0.1889,34.15,34.53,6.511,7.128,false
70,dropoff,8188,7691,-0.0607,37.53,38.25,5.991,5.761,false
70,pickup,66980,54957,-0.1795,57.04,57.6,9.453,9.265,false
71,dropoff,4123,4615,0.1193,45.03,41.24,8.806,8.009,false
71,pickup,2350,3086,0.3132,29.61,28.31,5.439,5.257,false
72,dropoff,4642,4846,0.0439,41.96,40.02,8.44,8.026,false
72,pickup,2745,3236,0.1789,30.65,29.99,6.022,5.732,false
73,dropoff,918,859,-0.0643,47.3,46.98,9.543,9.343,false
73,pickup,158,170,0.0759,39.8,41.07,8.387,8.511,false
74,dropoff,95776,89512,-0.0654,22.37,22.58,3.229,3.244,false
74,pickup,30447,29586,-0.0283,19.79,20.33,2.663,2.801,false
75,dropoff,172729,162322,-0.0603,20.41,20.77,2.697,2.711,false
75,pickup,86691,84926,-0.0204,19.33,19.36,2.513,2.478,false
76,dropoff,9234,10523,0.1396,37.78,37.59,7.558,7.663,false
76,pickup,5389,6582,0.2214,35.19,36.27,6.968,7.532,false
77,dropoff,2171,2472,0.1386,41.26,39.14,8.302,7.974,false
77,pickup,1196,1588,0.3278,34.14,34.47,6.965,7.233,false
78,dropoff,1701,1805,0.0611,50.33,50.91,10.18,10.234,false
78,pickup,963,1199,0.2451,36.7,40.65,7.798,8.716,false
79,dropoff,305782,301894,-0.0127,21.16,21.91,2.527,2.529,false
79,pickup,341077,338473,-0.0076,19.96,20.35,2.345,2.292,false
80,dropoff,18661,18286,-0.0201,40.67,41.16,7.211,7.178,false
80,pickup,2586,3154,0.2196,33.36,35.31,4.746,4.59,false
81,dropoff,1233,1301,0.0552,64.16,62.88,14.063,14.229,false
81,pickup,592,864,0.4595,45.27,46.11,10.185,11.604,false
82,dropoff,8203,9178,0.1189,40.01,41.02,7.192,8.003,false
82,pickup,2154,2206,0.0241,39.73,39.79,5.072,5.126,false
83,dropoff,3462,2977,-0.1401,38.09,37.79,6.481,6.22,false
83,pickup,827,1098,0.3277,41.7,48.2,4.574,4.193,false
84,dropoff,130,137,0.0538,136.12,136.21,29.35,28.476,false
84,pickup,3,6,1.0,97.67,51.68,0.0,0.0,true
85,dropoff,3013,3283,0.0896,49.48,45.67,9.797,8.945,false
85,pickup,1338,1583,0.1831,31.51,30.85,6.128,5.946,false
86,dropoff,3100,3510,0.1323,51.59,51.86,11.716,12.168,false
86,pickup,1413,1510,0.0686,53.99,56.19,14.814,15.476,false
87,dropoff,111187,119311,0.0731,31.99,32.02,5.34,5.194,false
87,pickup,74867,80053,0.0693,28.79,28.61,4.314,4.185,false
88,dropoff,56237,56257,0.0004,32.0,31.94,5.462,5.325,false
88,pickup,41026,42022,0.0243,30.29,30.32,4.66,4.653,false
89,dropoff,12592,13082,0.0389,56.01,53.79,11.36,10.852,false
89,pickup,3578,4350,0.2158,31.61,31.46,6.06,6.142,false
90,dropoff,227478,226188,-0.0057,20.85,21.6,2.443,2.447,false
90,pickup,247884,242125,-0.0232,19.96,20.01,2.097,2.045,false
91,dropoff,4714,4921,0.0439,47.85,44.39,10.056,9.357,false
91,pickup,2775,3204,0.1546,32.49,31.88,6.474,6.492,false
92,dropoff,9528,8704,-0.0865,42.28,42.81,7.743,7.87,false
92,pickup,1002,1039,0.0369,40.66,39.89,7.31,7.54,false
93,dropoff,4596,9327,1.0294,43.52,39.63,8.185,8.014,false
93,pickup,2477,2710,0.0941,67.38,68.61,8.22,8.049,false
94,dropoff,966,899,-0.0694,53.01,51.86,10.658,10.732,false
94,pickup,425,493,0.16,38.47,37.21,7.651,8.048,false
95,dropoff,18577,17912,-0.0358,42.66,42.45,7.905,7.851,false
95,pickup,2342,2390,0.0205,36.33,38.7,5.923,6.39,false
96,dropoff,447,434,-0.0291,44.41,43.41,8.719,8.515,false
96,pickup,47,84,0.7872,42.3,44.38,6.369,5.297,true
97,dropoff,19232,20873,0.0853,40.46,40.26,7.306,7.207,false
97,pickup,5858,6811,0.1627,25.85,25.88,4.079,4.207,false
98,dropoff,2246,2051,-0.0868,47.21,47.55,9.653,9.655,false
98,pickup,352,319,-0.0938,39.99,36.39,8.419,8.605,false
99,dropoff,3,2,-0.3333,78.74,172.94,17.823,28.74,true
99,pickup,1,,,12.2,,2.25,,true
100,dropoff,201931,194879,-0.0349,24.01,24.28,2.648,2.598,false
100,pickup,241893,235758,-0.0254,22.09,22.13,2.402,2.313,false
101,dropoff,1362,1501,0.1021,55.91,53.2,12.277,11.341,false
101,pickup,244,382,0.5656,49.45,41.03,9.302,7.575,false
102,dropoff,2574,2532,-0.0163,43.7,43.99,8.446,8.512,false
102,pickup,369,445,0.206,34.76,37.76,5.951,6.597,false
105,dropoff,,2,,,28.0,,4.67,true
105,pickup,2,1,-0.5,25.55,81.69,4.125,13.3,true
106,dropoff,4918,5268,0.0712,49.62,51.49,9.364,9.675,false
106,pickup,609,702,0.1527,29.31,27.76,4.432,4.451,false
107,dropoff,301676,294018,-0.0254,20.12,20.93,2.287,2.313,false
107,pickup,306885,294043,-0.0418,19.52,20.11,2.147,2.129,false
108,dropoff,1309,1339,0.0229,58.53,53.8,13.245,12.064,false
108,pickup,776,985,0.2693,42.11,39.62,9.42,8.782,false
109,dropoff,126,134,0.0635,124.14,126.49,25.579,25.832,false
109,pickup,2,5,1.5,156.19,54.92,0.0,0.47,true
110,dropoff,,1,,,141.23,,30.97,true
111,dropoff,130,123,-0.0538,55.86,53.84,10.78,10.777,false
111,pickup,22,20,-0.0909,40.15,30.67,7.78,5.338,true
112,dropoff,32033,36134,0.128,40.04,39.9,6.858,6.711,false
112,pickup,1897,2650,0.3969,30.15,29.26,3.51,3.259,false
113,dropoff,201846,200967,-0.0044,21.1,21.86,2.458,2.469,false
113,pickup,216876,218899,0.0093,19.67,19.96,2.071,2.028,false
114,dropoff,149697,153643,0.0264,20.53,21.08,2.31,2.292,false
114,pickup,213156,221124,0.0374,19.99,20.45,2.244,2.201,false
115,dropoff,201,198,-0.0149,100.26,98.43,20.447,19.677,false
115,pickup,15,15,0.0,87.19,66.88,11.709,7.094,true
116,dropoff,30432,28509,-0.0632,33.71,33.84,5.911,5.943,false
116,pickup,9274,8836,-0.0472,23.05,23.08,3.576,3.662,false
117,dropoff,2022,2101,0.0391,58.38,58.87,13.133,13.457,false
117,pickup,1318,1430,0.085,51.89,54.16,13.302,14.615,false
118,dropoff,279,377,0.3513,108.03,106.3,22.452,21.663,false
118,pickup,8,26,2.25,65.01,63.11,7.955,6.108,true
119,dropoff,2666,2741,0.0281,46.06,44.71,8.729,8.549,false
119,pickup,921,1241,0.3474,37.23,38.13,6.995,7.488,false
120,dropoff,631,526,-0.1664,45.1,43.44,8.788,8.149,false
120,pickup,62,69,0.1129,41.72,44.63,5.191,5.149,true
121,dropoff,3127,2899,-0.0729,41.91,42.43,8.383,8.39,false
121,pickup,940,785,-0.1649,34.68,37.62,7.142,8.259,false
122,dropoff,1330,1171,-0.1195,44.04,46.21,9.054,9.284,false
122,pickup,426,465,0.0915,40.22,48.9,8.835,10.763,false
123,dropoff,2746,2910,0.0597,56.11,53.91,12.287,11.534,false
123,pickup,946,1166,0.2326,34.43,32.09,7.065,6.392,false
124,dropoff,3373,3680,0.091,35.89,35.11,6.961,6.745,false
124,pickup,677,654,-0.034,49.95,54.42,8.123,7.903,false
125,dropoff,79443,82298,0.0359,24.14,24.82,3.247,3.288,false
125,pickup,76074,76788,0.0094,21.58,22.23,2.531,2.54,false
126,dropoff,1481,1359,-0.0824,48.17,46.95,9.114,9.276,false
126,pickup,498,661,0.3273,36.75,35.78,7.094,7.628,false
127,dropoff,8905,8266,-0.0718,48.88,48.74,10.307,10.289,false
127,pickup,1153,1194,0.0356,36.73,33.65,7.198,7.084,false
128,dropoff,983,893,-0.0916,48.75,47.98,10.596,10.559,false
128,pickup,93,76,-0.1828,37.12,31.1,6.429,5.137,true
129,dropoff,18849,16483,-0.1255,38.88,40.14,6.379,6.281,false
129,pickup,3830,5184,0.3535,36.98,47.74,4.351,3.714,false
130,dropoff,8371,8800,0.0512,37.99,36.67,7.191,6.918,false
130,pickup,3153,3676,0.1659,48.37,49.85,8.938,9.026,false
131,dropoff,3077,3045,-0.0104,45.33,45.95,9.263,9.5,false
131,pickup,724,755,0.0428,37.26,42.42,8.137,9.813,false
132,dropoff,174792,165907,-0.0508,72.07,74.64,14.119,13.46,false
132,pickup,742220,768285,0.0351,72.85,72.7,15.66,15.361,false
133,dropoff,4003,3806,-0.0492,59.73,59.41,12.099,11.96,false
133,pickup,712,809,0.1362,35.37,34.86,5.645,5.578,false
134,dropoff,4882,4899,0.0035,42.78,45.25,7.421,7.013,false
134,pickup,1692,2158,0.2754,57.88,67.41,5.443,4.836,false
135,dropoff,3952,3966,0.0035,39.92,40.14,7.618,7.579,false
135,pickup,635,754,0.1874,38.31,41.18,6.966,7.512,false
136,dropoff,1682,1642,-0.0238,53.58,51.88,11.089,10.854,false
136,pickup,581,890,0.5318,38.1,39.32,7.691,9.309,false
137,dropoff,190048,184354,-0.03,19.25,19.8,2.164,2.16,false
137,pickup,158313,150290,-0.0507,19.69,20.27,2.262,2.285,false
138,dropoff,180538,173711,-0.0378,59.9,60.76,9.998,9.726,false
138,pickup,539066,520747,-0.034,59.12,59.91,9.642,9.568,false
139,dropoff,2937,3099,0.0552,38.5,38.13,8.081,8.209,false
139,pickup,793,836,0.0542,49.99,48.76,11.539,11.789,false
140,dropoff,309633,309388,-0.0008,20.32,20.56,2.334,2.327,false
140,pickup,303192,302507,-0.0023,20.05,20.22,2.337,2.297,false
141,dropoff,409194,405684,-0.0086,20.3,19.85,2.193,2.211,false
141,pickup,356435,350719,-0.016,18.05,18.06,1.919,1.851,false
142,dropoff,441412,429643,-0.0267,19.94,20.32,2.207,2.211,false
142,pickup,512583,490713,-0.0427,19.09,19.35,2.139,2.098,false
143,dropoff,230001,229464,-0.0023,20.78,21.18,2.433,2.454,false
143,pickup,161401,155459,-0.0368,18.53,18.76,2.085,2.07,false
144,dropoff,140828,145296,0.0317,23.29,23.82,2.806,2.8,false
144,pickup,143697,153905,0.071,21.45,21.83,2.448,2.412,false
145,dropoff,40302,39939,-0.009,31.28,31.46,4.81,4.792,false
145,pickup,12802,13248,0.0348,27.62,30.45,2.406,3.184,false
146,dropoff,11553,11469,-0.0073,32.5,32.19,5.135,5.029,false
146,pickup,6403,6307,-0.015,23.43,25.31,2.858,2.94,false
147,dropoff,1256,1259,0.0024,45.31,44.02,8.6,8.769,false
147,pickup,516,530,0.0271,35.67,35.84,7.12,7.793,false
148,dropoff,151597,154982,0.0223,25.08,25.45,3.263,3.224,false
148,pickup,154368,156295,0.0125,22.38,22.65,2.833,2.762,false
149,dropoff,2140,2235,0.0444,56.86,54.2,12.311,11.371,false
149,pickup,715,884,0.2364,35.55,36.42,6.981,6.901,false
150,dropoff,1286,1317,0.0241,57.61,58.04,12.78,13.031,false
150,pickup,439,474,0.0797,41.07,44.02,7.901,9.412,false
151,dropoff,137586,131894,-0.0414,21.8,22.13,2.999,3.023,false
151,pickup,118638,110460,-0.0689,18.48,18.41,2.292,2.253,false
152,dropoff,18918,16784,-0.1128,26.42,27.09,4.248,4.379,false
152,pickup,8696,7650,-0.1203,20.17,21.05,2.875,3.104,false
153,dropoff,636,695,0.0928,54.48,55.57,11.023,11.346,false
153,pickup,180,197,0.0944,32.79,35.09,6.065,8.421,false
154,dropoff,1151,1531,0.3301,48.16,47.51,11.299,11.169,false
154,pickup,210,183,-0.1286,38.04,42.84,6.565,7.203,false
155,dropoff,3719,4410,0.1858,52.2,49.03,11.448,10.754,false
155,pickup,1217,1626,0.3361,37.11,34.14,7.088,6.635,false
156,dropoff,163,177,0.0859,111.03,110.43,22.751,22.31,false
156,pickup,8,8,0.0,102.25,39.28,15.516,1.654,true
157,dropoff,4762,5776,0.2129,41.17,42.58,7.6,8.222,false
157,pickup,1468,2492,0.6975,49.0,50.32,5.725,5.657,false
158,dropoff,155204,162658,0.048,21.31,21.97,2.552,2.556,false
158,pickup,141870,141756,-0.0008,21.99,22.41,2.586,2.561,false
159,dropoff,3387,3370,-0.005,39.46,38.72,7.205,7.239,false
159,pickup,1322,1576,0.1921,31.93,31.58,5.954,6.378,false
160,dropoff,4528,4272,-0.0565,44.03,43.95,8.126,8.058,false
160,pickup,538,654,0.2156,44.6,50.91,6.5,6.568,false
161,dropoff,587778,592304,0.0077,21.66,21.91,2.306,2.217,false
161,pickup,749729,760668,0.0146,21.84,22.95,2.381,2.289,false
162,dropoff,446330,434257,-0.027,21.23,21.84,2.356,2.338,false
162,pickup,559011,551715,-0.0131,21.25,21.66,2.302,2.251,false
163,dropoff,389115,395137,0.0155,22.68,23.1,2.591,2.548,false
163,pickup,459523,453434,-0.0133,21.69,22.28,2.442,2.366,false
164,dropoff,329634,320992,-0.0262,24.58,25.15,2.938,2.893,false
164,pickup,349046,335172,-0.0397,21.87,22.0,2.409,2.328,false
165,dropoff,4126,4328,0.049,56.37,54.36,11.791,11.323,false
165,pickup,1503,1627,0.0825,31.07,30.79,5.923,5.947,false
166,dropoff,104285,101671,-0.0251,23.51,23.81,3.494,3.532,false
166,pickup,67455,64958,-0.037,20.3,20.35,2.688,2.689,false
167,dropoff,2054,2148,0.0458,47.19,45.53,9.04,8.811,false
167,pickup,1097,1338,0.2197,34.38,36.11,6.847,7.383,false
168,dropoff,8366,8148,-0.0261,36.0,36.59,6.119,6.426,false
168,pickup,2485,2389,-0.0386,29.02,30.36,4.113,5.292,false
169,dropoff,2275,2178,-0.0426,51.09,51.7,10.306,10.152,false
169,pickup,923,1134,0.2286,36.84,40.56,7.74,8.07,false
170,dropoff,460238,446431,-0.03,21.04,21.56,2.301,2.265,false
170,pickup,450909,437041,-0.0308,21.26,21.31,2.299,2.21,false
171,dropoff,2496,2184,-0.125,46.76,48.86,9.117,9.701,false
171,pickup,322,354,0.0994,40.47,42.3,7.898,9.666,false
172,dropoff,158,244,0.5443,97.61,81.47,19.294,18.856,false
172,pickup,14,7,-0.5,68.4,75.33,4.363,12.844,true
173,dropoff,2579,2028,-0.2136,40.2,40.62,7.084,7.107,false
173,pickup,364,399,0.0962,34.19,35.8,5.863,6.186,false
174,dropoff,1806,2034,0.1262,59.03,55.26,12.72,12.07,false
174,pickup,701,995,0.4194,43.67,43.53,9.763,10.555,false
175,dropoff,1581,1541,-0.0253,53.0,53.46,11.499,11.762,false
175,pickup,297,214,-0.2795,40.57,41.35,8.763,8.534,false
176,dropoff,100,107,0.07,114.67,115.7,24.04,23.824,false
176,pickup,1,1,0.0,111.82,141.0,0.0,0.0,true
177,dropoff,4290,4588,0.0695,42.7,41.52,8.295,8.158,false
177,pickup,2052,2353,0.1467,32.63,31.94,6.248,6.242,false
178,dropoff,1289,1363,0.0574,61.44,60.47,13.037,12.837,false
178,pickup,307,379,0.2345,33.83,32.26,6.307,5.821,false
179,dropoff,12391,12431,0.0032,35.24,34.57,6.042,5.88,false
179,pickup,2118,2394,0.1303,24.08,25.88,3.411,3.702,false
180,dropoff,1811,1963,0.0839,36.84,36.66,6.909,6.585,false
180,pickup,436,525,0.2041,44.62,50.77,6.751,6.033,false
181,dropoff,39590,40628,0.0262,51.34,51.03,9.696,9.575,false
181,pickup,4490,5232,0.1653,27.89,27.37,4.419,4.208,false
182,dropoff,1968,2392,0.2154,54.17,50.68,11.449,10.953,false
182,pickup,1179,1343,0.1391,40.28,39.16,8.888,9.341,false
183,dropoff,640,729,0.1391,61.48,59.0,12.916,12.908,false
183,pickup,248,287,0.1573,43.92,45.32,9.585,11.413,false
184,dropoff,119,111,-0.0672,66.37,61.66,13.242,13.547,false
184,pickup,36,42,0.1667,62.91,121.48,10.824,13.295,true
185,dropoff,1607,1592,-0.0093,60.42,58.54,12.601,12.343,false
185,pickup,488,597,0.2234,37.69,40.87,7.773,9.525,false
186,dropoff,332567,332231,-0.001,20.76,21.12,2.128,2.075,false
186,pickup,525776,559649,0.0644,22.17,22.05,2.301,2.233,false
187,dropoff,128,110,-0.1406,108.35,114.0,21.732,21.242,false
187,pickup,5,3,-0.4,25.82,114.14,0.978,5.233,true
188,dropoff,11811,12309,0.0422,47.98,46.41,9.149,8.836,false
188,pickup,3897,4575,0.174,30.66,29.59,5.794,5.52,false
189,dropoff,13145,13582,0.0332,48.29,48.0,8.89,8.751,false
189,pickup,1349,1469,0.089,26.81,27.95,4.247,4.411,false
190,dropoff,2072,1702,-0.1786,45.89,46.01,8.189,8.358,false
190,pickup,279,354,0.2688,29.27,26.87,4.174,4.057,false
191,dropoff,3883,3638,-0.0631,47.34,46.31,10.564,10.416,false
191,pickup,1464,1206,-0.1762,45.97,44.01,10.765,10.761,false
192,dropoff,1319,1124,-0.1478,43.39,44.17,8.656,8.679,false
192,pickup,242,239,-0.0124,35.57,36.32,6.79,6.632,false
193,dropoff,9716,9392,-0.0333,22.69,26.0,2.649,3.543,false
193,pickup,6813,5212,-0.235,16.66,17.49,1.102,1.46,false
194,dropoff,1951,2310,0.184,38.2,38.15,5.575,5.402,false
194,pickup,567,539,-0.0494,60.66,55.21,6.436,5.972,false
195,dropoff,5745,6186,0.0768,49.28,48.38,9.088,8.808,false
195,pickup,2056,2923,0.4217,57.49,54.05,9.801,9.606,false
196,dropoff,4938,5213,0.0557,42.45,42.14,7.77,7.907,false
196,pickup,1030,1233,0.1971,45.05,51.1,6.202,6.493,false
197,dropoff,6469,6896,0.066,39.25,43.14,6.851,6.942,false
197,pickup,2472,3863,0.5627,47.91,59.32,5.658,6.325,false
198,dropoff,7627,7475,-0.0199,44.35,43.87,8.223,8.005,false
198,pickup,718,885,0.2326,30.95,31.59,4.813,4.845,false
199,dropoff,,1,,,5.5,,0.0,true
199,pickup,5,8,0.6,51.78,44.22,10.36,8.737,true
200,dropoff,4981,5057,0.0153,67.57,67.33,14.291,14.174,false
200,pickup,445,558,0.2539,44.08,44.95,9.72,9.916,false
201,dropoff,1634,1684,0.0306,68.75,68.53,14.799,14.847,false
201,pickup,345,423,0.2261,51.62,54.03,11.988,12.592,false
202,dropoff,8235,7829,-0.0493,37.74,38.05,6.345,6.44,false
202,pickup,689,806,0.1698,33.11,35.99,3.654,4.815,false
203,dropoff,3085,3072,-0.0042,36.9,35.99,7.708,7.718,false
203,pickup,840,775,-0.0774,50.85,48.13,11.054,11.191,false
204,dropoff,57,68,0.193,141.08,141.3,28.79,27.245,true
204,pickup,3,8,1.6667,85.67,150.88,0.0,0.042,true
205,dropoff,5282,5077,-0.0388,37.79,37.5,7.75,7.907,false
205,pickup,1763,1711,-0.0295,42.67,44.51,10.024,11.217,false
206,dropoff,324,309,-0.0463,107.77,107.5,21.686,21.489,false
206,pickup,13,14,0.0769,79.65,76.11,4.302,3.589,true
207,dropoff,1121,906,-0.1918,12.39,16.8,1.119,1.567,false
207,pickup,1209,1186,-0.019,14.42,27.55,1.3,2.353,false
208,dropoff,2238,2091,-0.0657,60.42,59.31,12.455,12.439,false
208,pickup,556,609,0.0953,40.85,39.93,8.592,9.088,false
209,dropoff,41631,39310,-0.0558,31.0,31.4,5.086,5.036,false
209,pickup,27103,26308,-0.0293,27.5,27.56,4.054,3.992,false
210,dropoff,2842,2975,0.0468,56.52,53.41,12.878,11.88,false
210,pickup,1310,1646,0.2565,42.82,41.12,8.994,8.472,false
211,dropoff,126818,132447,0.0444,22.66,23.18,2.727,2.71,false
211,pickup,117811,123217,0.0459,21.39,21.82,2.396,2.344,false
212,dropoff,1326,1288,-0.0287,52.48,49.65,10.542,10.504,false
212,pickup,465,682,0.4667,36.63,38.3,7.242,9.049,false
213,dropoff,2852,2789,-0.0221,51.8,50.21,10.367,10.467,false
213,pickup,1540,1612,0.0468,38.32,39.17,8.238,8.711,false
214,dropoff,246,278,0.1301,88.69,89.82,17.825,18.033,false
214,pickup,18,29,0.6111,62.18,47.03,7.37,4.642,true
215,dropoff,4474,4781,0.0686,35.14,33.71,6.689,6.461,false
215,pickup,2914,2614,-0.103,57.23,60.54,10.771,11.02,false
216,dropoff,15232,16348,0.0733,35.18,40.5,5.532,5.066,false
216,pickup,4159,6645,0.5977,62.02,72.94,5.686,4.087,false
217,dropoff,5647,5875,0.0404,42.11,41.8,7.229,7.195,false
217,pickup,586,703,0.1997,27.93,29.0,4.456,4.318,false
218,dropoff,3949,4424,0.1203,33.16,33.44,6.512,6.697,false
218,pickup,1685,1531,-0.0914,42.29,43.92,9.347,10.007,false
219,dropoff,6591,6655,0.0097,30.37,32.05,5.529,5.623,false
219,pickup,2192,2494,0.1378,67.68,72.38,12.368,12.989,false
220,dropoff,5709,5857,0.0259,60.96,60.65,12.558,12.445,false
220,pickup,695,932,0.341,38.54,39.42,8.103,8.306,false
221,dropoff,318,309,-0.0283,86.3,89.24,17.371,17.694,false
221,pickup,21,19,-0.0952,55.86,41.68,8.31,10.635,true
222,dropoff,2236,2556,0.1431,39.67,38.69,8.242,8.246,false
222,pickup,1822,2037,0.118,37.87,36.37,8.004,7.554,false
223,dropoff,17974,17199,-0.0431,37.6,37.98,6.388,6.393,false
223,pickup,2937,3352,0.1413,44.34,49.31,5.567,5.154,false
224,dropoff,59521,58013,-0.0253,22.73,23.57,2.926,2.947,false
224,pickup,16080,14980,-0.0684,20.6,20.91,2.378,2.368,false
225,dropoff,12552,13530,0.0779,44.04,43.33,8.046,7.877,false
225,pickup,2828,3546,0.2539,29.3,29.79,5.347,5.697,false
226,dropoff,23862,22589,-0.0533,33.54,33.75,5.366,5.233,false
226,pickup,10372,11935,0.1507,35.46,45.47,4.279,5.282,false
227,dropoff,2584,2707,0.0476,62.29,58.48,13.416,12.296,false
227,pickup,509,754,0.4813,38.41,34.79,7.385,6.465,false
228,dropoff,6835,7164,0.0481,57.29,55.63,11.842,11.296,false
228,pickup,1084,1418,0.3081,37.38,35.7,7.273,6.488,false
229,dropoff,327699,321945,-0.0176,20.13,20.68,2.26,2.25,false
229,pickup,282575,260922,-0.0766,19.19,20.17,2.037,2.011,false
230,dropoff,488391,483818,-0.0094,28.42,28.2,3.55,3.371,false
230,pickup,533856,543597,0.0182,25.27,25.24,3.12,2.943,false
231,dropoff,240364,246637,0.0261,25.35,25.81,3.545,3.551,false
231,pickup,203989,203882,-0.0005,23.67,24.07,3.031,2.998,false
232,dropoff,66639,65572,-0.016,26.05,26.39,3.736,3.722,false
232,pickup,15827,16024,0.0124,25.47,25.69,3.379,3.4,false
233,dropoff,236480,223744,-0.0539,21.9,22.64,2.572,2.563,false
233,pickup,184526,164640,-0.1078,22.66,22.79,2.671,2.616,false
234,dropoff,366436,381791,0.0419,19.37,20.08,2.052,2.046,false
234,pickup,414505,431392,0.0407,19.76,20.09,2.025,2.001,false
235,dropoff,2211,2338,0.0574,50.61,48.23,10.301,10.196,false
235,pickup,1238,1399,0.13,39.53,37.63,8.352,8.588,false
236,dropoff,711749,723525,0.0165,18.81,19.11,2.076,2.071,false
236,pickup,676746,678268,0.0022,18.18,18.24,1.918,1.885,false
237,dropoff,673952,702977,0.0431,17.99,18.35,1.76,1.762,false
237,pickup,752210,791261,0.0519,17.82,18.06,1.754,1.73,false
238,dropoff,349404,338690,-0.0307,21.03,21.5,2.691,2.737,false
238,pickup,299026,277120,-0.0733,18.6,18.58,2.163,2.123,false
239,dropoff,440332,430631,-0.022,20.92,21.22,2.563,2.57,false
239,pickup,436127,406619,-0.0677,18.86,18.88,2.138,2.094,false
240,dropoff,455,406,-0.1077,56.0,54.57,11.924,12.167,false
240,pickup,65,122,0.8769,49.02,41.43,6.548,9.487,true
241,dropoff,2322,2153,-0.0728,60.5,58.11,12.832,12.474,false
241,pickup,835,1008,0.2072,40.88,40.7,8.685,9.364,false
242,dropoff,2340,2494,0.0658,51.66,48.44,10.631,9.97,false
242,pickup,811,1097,0.3527,37.63,38.35,8.275,8.549,false
243,dropoff,23573,22921,-0.0277,46.11,46.02,9.296,9.237,false
243,pickup,2136,2601,0.2177,31.93,30.28,4.992,5.111,false
244,dropoff,38381,35791,-0.0675,38.44,38.28,7.321,7.25,false
244,pickup,8494,9385,0.1049,28.11,27.64,4.697,4.718,false
245,dropoff,176,176,0.0,103.82,107.05,20.808,21.377,false
245,pickup,8,3,-0.625,60.58,33.23,8.701,5.833,true
246,dropoff,298095,298971,0.0029,20.11,21.08,2.2,2.175,false
246,pickup,261175,264888,0.0142,21.6,21.81,2.336,2.311,false
247,dropoff,5146,5387,0.0468,42.7,41.9,7.678,7.513,false
247,pickup,1589,1987,0.2505,33.48,36.4,5.912,6.599,false
248,dropoff,1311,1118,-0.1472,51.8,52.35,10.429,10.745,false
248,pickup,579,704,0.2159,35.87,38.1,7.543,8.77,false
249,dropoff,267020,270457,0.0129,19.5,20.14,2.146,2.148,false
249,pickup,350951,334769,-0.0461,19.9,20.19,2.203,2.143,false
250,dropoff,1404,1454,0.0356,53.77,51.83,11.097,10.835,false
250,pickup,548,747,0.3631,36.35,38.06,7.464,8.533,false
251,dropoff,207,216,0.0435,101.8,109.83,20.237,20.92,false
251,pickup,9,12,0.3333,98.58,147.68,9.173,11.538,true
252,dropoff,2817,2798,-0.0067,48.31,48.22,10.011,9.966,false
252,pickup,251,238,-0.0518,44.52,42.12,8.147,8.049,false
253,dropoff,192,226,0.1771,42.53,44.25,8.131,8.803,false
253,pickup,53,59,0.1132,57.87,49.98,8.749,7.077,true
254,dropoff,2237,2443,0.0921,61.84,59.46,13.435,13.608,false
254,pickup,1180,1549,0.3127,43.39,44.14,9.591,11.005,false
255,dropoff,37135,38400,0.0341,41.83,42.37,7.309,7.344,false
255,pickup,3504,5252,0.4989,25.74,26.15,3.505,3.38,false
256,dropoff,31740,33012,0.0401,37.97,38.15,6.448,6.435,false
256,pickup,3115,4037,0.296,28.42,29.57,3.641,4.019,false
257,dropoff,6399,6612,0.0333,60.52,60.33,12.334,12.301,false
257,pickup,400,517,0.2925,35.5,35.26,5.924,6.264,false
258,dropoff,3373,3112,-0.0774,40.32,39.52,7.859,7.657,false
258,pickup,732,801,0.0943,37.71,39.53,7.237,6.965,false
259,dropoff,1674,1617,-0.0341,70.69,67.9,15.685,15.278,false
259,pickup,586,781,0.3328,46.95,47.22,10.704,11.853,false
260,dropoff,10312,9493,-0.0794,34.55,35.78,5.691,6.008,false
260,pickup,3367,3660,0.087,34.6,39.55,3.795,4.227,false
261,dropoff,72002,71807,-0.0027,32.87,33.1,5.571,5.463,false
261,pickup,77056,75678,-0.0179,29.45,29.17,4.231,4.089,false
262,dropoff,235114,234256,-0.0036,22.06,22.35,2.795,2.765,false
262,pickup,198053,192561,-0.0277,19.21,19.23,2.32,2.275,false
263,dropoff,317452,313853,-0.0113,20.67,21.05,2.578,2.605,false
263,pickup,284266,276233,-0.0283,19.38,18.2,2.104,2.064,false
264,dropoff,77601,43038,-0.4454,25.03,23.68,2.733,2.623,false
264,pickup,53216,34604,-0.3497,25.92,27.53,3.404,3.78,false
265,dropoff,65944,70070,0.0626,113.85,114.18,17.634,17.568,false
265,pickup,8037,7632,-0.0504,98.94,99.08,2.699,2.823,false
